Year,Name,Ch,Nom,Pic,Dir,Aml,Afl,Ams,Afs,Scr,Cin,Art,Cos,Sco,Son,Edi,Sou,For,Anf,Eff,Mak,Dan,AD,Gdr,Gmc,Gd,Gm1,Gm2,Gf1,Gf2,PGA,DGA,Action,Adventure,Animation,Biography,Comedy,Crime,Docu,Drama,Family,Fantasy,Film-noir,History,Horror,Music,Musical,Mystery,Romance,SciFi,Sport,Thriller,War,Western,Length,Days,G,PG,PG13,R,U,Ebert,NYFCC,LAFCA,NSFC,NBR,WR
2024,A Complete Unkown,0,8,1,1,1,0,1,1,1,0,0,1,0,0,0,1,0,0,0,0,0,0,0,0,0,0,0,0,0,0,0,0,0,0,1,0,0,1,1,0,0,0,0,0,1,0,0,0,0,0,0,0,0,141,68,0,0,0,1,0,3.5,0,0,0,0,7.6
2024,Anora,0,6,1,1,0,1,1,0,1,0,0,0,0,0,1,0,0,0,0,0,0,0,0,0,0,0,0,0,0,1,1,0,0,0,0,1,0,0,1,0,0,0,0,0,0,0,0,1,0,0,0,0,0,139,121,0,0,0,1,0,4,0,1,0,0,7.7
2024,Conclave,0,8,1,0,1,0,0,1,1,0,1,1,1,0,1,0,0,0,0,0,0,0,0,0,0,0,0,0,0,0,0,0,0,0,0,0,0,0,1,0,0,0,0,0,0,0,1,0,0,0,1,0,0,120,128,0,1,0,0,0,4,0,0,0,0,7.4
2024,Dune: Part Two,0,5,1,0,0,0,0,0,0,1,1,0,0,0,0,1,0,0,1,0,0,0,0,0,0,0,0,0,0,0,0,1,1,0,0,0,0,0,1,0,1,0,0,0,0,0,0,0,1,0,0,0,0,166,367,0,0,1,0,0,3.5,0,0,0,0,8.5
2024,Emilia Perez,0,13,1,1,0,1,0,1,1,1,0,0,1,1,1,1,1,0,1,1,0,0,0,1,0,0,0,0,0,0,0,0,0,0,0,1,1,0,1,0,0,0,0,0,0,1,0,0,0,0,0,0,0,130,288,0,0,0,1,0,3,0,0,0,0,5.5
2024,I'm Still Here,0,3,1,0,0,1,0,0,0,0,0,0,0,0,0,0,1,0,0,0,0,0,0,0,0,0,0,1,0,0,0,0,0,0,1,0,0,1,1,0,0,0,1,0,0,0,0,0,0,0,0,0,0,137,144,0,0,1,0,0,4,0,0,0,0,8.8
2024,Nickel Boys,0,2,1,0,0,0,0,0,1,0,0,0,0,0,0,0,0,0,0,0,0,0,0,0,0,0,0,0,0,0,1,0,0,0,0,0,0,0,1,0,0,0,0,0,0,0,0,0,0,0,0,0,0,140,41,0,0,1,0,0,4,0,0,1,0,7.3
2024,The Brutalist,0,10,1,1,1,0,1,1,1,1,0,0,1,0,1,0,0,0,0,0,0,0,1,0,1,1,0,0,0,0,0,0,0,0,0,0,0,0,1,0,0,0,0,0,0,0,0,0,0,0,0,0,0,214,37,0,0,0,1,0,4,1,0,0,0,7.9
2024,The Substance,0,5,1,1,0,1,0,0,1,0,0,0,0,0,0,0,0,0,0,1,0,0,0,0,0,0,0,0,1,0,0,0,0,0,0,1,0,0,1,0,0,0,0,1,0,0,0,0,1,0,0,0,0,141,163,0,0,0,1,0,3.5,0,0,0,0,7.3
2024,Wicked,0,10,1,0,0,1,0,1,0,0,1,1,1,0,1,1,0,0,1,1,0,0,0,0,0,0,0,0,0,0,0,0,0,0,0,0,0,0,0,0,1,0,0,0,0,1,0,1,0,0,0,0,0,160,100,0,1,0,0,0,3,0,0,0,1,7.6
2023,American Fiction,2,5,1,1,1,0,1,0,1,0,0,1,1,0,1,0,0,0,0,0,0,0,0,0,0,0,0,0,0,1,0,0,0,0,0,1,0,0,1,0,0,0,0,0,0,0,0,0,0,0,0,0,0,117,436,0,0,0,1,0,2.5,0,0,0,0,7.5
2023,Anatomy of a Fall,2,5,1,1,0,1,0,0,1,0,1,0,0,0,1,0,1,0,0,0,0,0,1,0,0,0,0,1,0,0,0,0,0,0,0,0,1,0,1,0,0,0,0,1,0,0,1,0,0,0,1,0,1,152,210,0,0,0,1,0,3.5,1,1,1,1,7.6
2023,Barbie,2,8,1,0,0,0,1,1,1,0,1,1,0,1,0,0,0,0,0,0,0,0,0,1,1,0,0,0,0,0,0,0,1,0,0,1,0,0,1,0,1,0,0,0,0,0,0,1,0,0,0,0,0,114,240,0,0,1,0,0,3.5,0,1,0,0,6.8
2023,Killers of the Flower Moon,2,10,1,1,0,1,1,0,0,1,1,1,1,1,1,0,0,0,0,0,0,0,0,0,0,0,0,1,0,0,0,0,0,0,0,0,1,0,1,0,0,0,1,0,0,0,1,1,0,0,0,0,1,206,499,0,0,0,1,0,4,1,0,0,1,7.6
2023,Maestro,2,7,1,0,1,1,0,0,1,1,0,0,0,0,0,1,0,0,0,1,0,0,0,0,0,0,0,0,0,0,0,0,0,0,1,0,0,0,1,0,0,0,1,0,1,0,0,1,0,0,0,0,0,129,466,0,0,0,1,0,3,0,0,0,0,6.5
2023,Oppenheimer,1,7,1,1,1,0,1,1,1,1,0,1,0,0,1,0,0,0,1,1,0,0,1,0,1,1,0,0,0,0,1,0,0,0,1,0,0,0,1,0,0,0,1,0,0,0,0,0,0,0,0,0,0,180,596,0,0,0,1,0,4,1,1,1,1,8.3
2023,Past Lives,2,2,1,0,0,0,0,0,1,0,0,0,0,0,0,0,0,0,0,0,0,0,0,0,0,0,0,0,0,0,0,0,0,0,0,0,0,0,1,0,0,0,0,0,0,0,0,1,0,0,0,0,0,105,414,0,0,1,0,0,4,0,0,1,0,7.8
2023,Poor Things,2,11,1,1,0,1,1,0,1,1,1,1,1,0,1,0,0,0,0,1,0,0,0,1,0,0,0,0,1,0,0,0,0,0,0,1,0,0,1,0,0,0,0,0,0,0,0,1,1,0,0,0,0,141,191,0,0,0,1,0,4,0,0,0,0,7.8
2023,The Holdovers,2,5,1,0,1,1,0,0,1,0,0,0,0,0,1,0,0,0,0,0,0,0,0,0,0,1,0,1,0,0,0,0,0,0,0,1,0,0,1,0,0,0,0,0,0,0,0,0,0,0,0,0,0,133,152,1,0,0,1,0,3.5,1,0,1,1,7.9
2023,The Zone of Interest,2,5,1,1,0,0,0,0,1,0,0,0,0,1,0,0,1,0,0,0,0,0,0,0,0,0,0,0,0,0,0,0,0,0,0,0,0,0,1,0,0,0,1,0,0,0,0,0,0,0,0,1,0,105,19,1,1,1,0,0,4,0,1,1,1,7.3
2022,All Quiet on the Western Front,2,9,1,0,0,0,0,0,1,1,0,0,1,1,0,1,1,0,1,0,0,0,0,0,0,0,0,0,0,0,0,0,0,0,0,0,0,0,1,0,0,0,1,0,0,0,0,0,0,0,0,1,0,148,135,0,0,0,1,0,2,0,0,0,0,7.8
2022,Avatar: The Way of Water,2,4,1,0,0,0,0,0,0,0,0,0,0,1,0,0,0,0,1,0,0,0,0,0,0,0,0,0,0,0,0,1,1,0,0,0,0,0,0,0,1,0,0,0,0,0,0,0,1,0,0,0,0,192,86,0,0,1,0,0,3.5,1,0,0,1,7.5
2022,Elvis,2,8,1,0,1,0,0,0,0,1,0,1,0,0,1,1,0,0,0,1,0,0,0,0,0,1,0,0,0,0,0,0,0,0,1,0,0,0,1,0,0,0,0,0,1,0,0,0,0,0,0,0,0,159,261,0,0,1,0,0,1.5,0,0,0,0,7.3
2022,Everything Everywhere All at Once,1,11,1,1,0,1,1,1,1,0,0,1,1,1,1,0,0,0,0,0,0,0,0,0,0,1,0,1,0,1,1,1,1,0,0,1,0,0,0,0,1,0,0,0,0,0,0,0,1,0,0,0,0,139,338,0,0,0,1,0,3.5,0,1,0,0,7.8
2022,Tar,2,6,1,1,0,1,0,0,1,1,0,0,0,0,1,0,0,0,0,0,0,0,0,0,0,0,0,1,0,0,0,0,0,0,0,0,0,0,1,0,0,0,0,0,1,0,0,0,0,0,0,0,0,158,192,0,0,0,1,0,4,1,1,1,0,7.4
2022,The Banshees of Inisherin,2,9,1,1,1,0,1,1,1,0,0,0,1,0,1,0,0,0,0,0,0,0,0,1,0,0,1,0,0,0,0,0,0,0,0,1,0,0,1,0,0,0,1,0,0,0,0,0,0,0,0,0,0,114,142,0,0,0,1,0,3.5,0,0,0,0,7.7
2022,The Fabelmans,2,7,1,1,1,0,0,1,1,1,0,0,1,0,0,0,0,0,0,0,0,0,1,0,1,0,0,0,0,0,0,0,0,0,1,0,0,0,1,1,0,0,0,0,0,0,0,0,0,0,0,0,0,151,183,0,0,1,0,0,4,0,0,0,0,7.5
2022,Top Gun: Maverick,2,6,1,0,0,0,0,0,1,0,0,0,0,1,1,1,0,0,1,0,0,0,0,0,0,0,0,0,0,0,0,1,0,0,0,0,0,0,1,0,0,0,0,0,0,0,0,0,0,0,0,0,0,130,289,0,0,1,0,0,4,0,0,0,1,8.2
2022,Triangle of Sadness,2,3,1,1,0,0,0,0,1,0,0,0,0,0,0,0,0,0,0,0,0,0,0,0,0,0,0,0,0,0,0,0,0,0,0,1,0,0,1,0,0,0,0,0,0,0,0,0,0,0,0,0,0,147,156,0,0,0,1,0,3,0,0,0,0,7.3
2022, Women Talking,2,2,1,0,0,0,0,0,1,0,0,0,0,0,0,0,0,0,0,0,0,0,0,0,0,0,0,0,0,0,0,0,0,0,0,0,0,0,1,0,0,0,0,0,0,0,0,0,0,0,0,0,0,104,191,0,0,1,0,0,3,0,0,0,0,6.9
2021,King Richard,2,6,1,0,1,0,0,1,1,0,0,0,0,1,1,0,0,0,0,0,0,0,0,0,0,1,0,0,0,0,0,0,0,0,1,0,0,0,1,0,0,0,0,0,0,0,0,0,0,1,0,0,0,144,127,0,0,1,0,0,3,0,0,0,2,7.5
2021,Belfast,2,7,1,1,0,0,1,1,1,0,0,0,0,1,0,1,0,0,0,0,0,0,0,0,0,0,0,0,0,0,0,0,0,0,1,0,0,0,1,0,0,0,1,0,0,0,0,0,0,0,0,0,0,98,135,0,0,1,0,0,3,0,0,0,0,7.3
2021,Drive My Car,2,4,1,1,0,0,0,0,1,0,0,0,0,0,0,0,1,0,0,0,0,0,0,0,0,0,0,0,0,0,0,0,0,0,0,0,0,0,1,0,0,0,0,0,0,0,0,0,0,0,0,0,0,179,124,0,0,0,1,0,4,1,1,1,0,7.7
2021,The Power of the Dog,2,12,1,1,1,0,1,1,1,1,1,0,1,0,1,1,0,0,0,0,0,0,1,0,1,0,0,0,0,0,1,0,0,0,0,0,0,0,1,0,0,0,0,0,0,0,0,1,0,0,0,0,1,126,117,0,0,0,1,0,4,0,0,0,0,6.9
2021,Coda,1,3,1,0,0,0,1,0,1,0,0,0,0,0,0,0,0,0,0,0,0,0,0,0,0,0,0,0,0,1,0,0,0,0,0,1,0,0,1,0,0,0,0,0,1,0,0,0,0,0,0,0,0,111,227,0,0,1,0,0,3.5,0,0,0,0,8
2021,Don't Look Up,2,4,1,0,0,0,0,0,1,0,0,0,1,0,1,0,0,0,0,0,0,0,0,0,0,0,0,0,0,0,0,0,0,0,0,1,0,0,1,0,0,0,0,0,0,0,0,0,1,0,0,0,0,138,94,0,0,0,1,0,1.5,0,0,0,0,7.2
2021,Dune,2,10,1,0,0,0,0,0,1,1,1,1,1,0,1,1,0,0,1,1,0,0,0,0,0,0,0,0,0,0,0,1,1,0,0,0,0,0,1,0,0,0,0,0,0,0,0,0,1,0,0,0,0,156,156,0,0,1,0,0,3.5,0,0,0,0,8.1
2021,Licorice Pizza,2,3,1,1,0,0,0,0,1,0,0,0,0,0,0,0,0,0,0,0,0,0,0,0,0,0,0,0,0,0,0,0,0,0,0,1,0,0,1,0,0,0,0,0,0,0,0,1,0,0,0,0,0,133,92,0,0,0,1,0,4,0,0,0,1,7.4
2021,Nightmare Alley,2,4,1,0,0,0,0,0,0,1,1,1,0,0,0,0,0,0,0,0,0,0,0,0,0,0,0,0,0,0,0,0,0,0,0,0,1,0,1,0,0,0,0,0,0,0,0,0,0,0,1,0,0,150,100,0,0,0,1,0,4,0,0,0,0,7.1
2021,West Side Story,2,7,1,1,0,0,0,1,0,1,0,1,0,0,0,1,0,0,0,0,0,0,0,1,0,0,0,0,1,0,0,0,0,0,0,0,1,0,1,0,0,0,0,0,0,1,0,0,0,0,0,0,0,156,105,0,0,1,0,0,3.5,0,0,0,0,7.4
2020,The Father,2,6,1,0,1,0,0,1,1,0,1,0,0,0,1,0,0,0,0,0,0,0,0,0,0,0,0,0,0,0,0,0,0,0,0,0,0,0,1,0,0,0,0,0,0,0,0,0,0,0,0,0,0,97,454,0,0,1,0,0,3.5,0,0,0,0,8.3
2020,Judas and the Black Messiah,2,6,1,0,0,0,1,0,1,1,0,0,0,1,0,0,0,0,0,0,0,0,0,0,0,0,0,0,0,0,0,0,0,0,1,0,0,0,1,0,0,0,1,0,0,0,0,0,0,0,0,0,0,126,72,0,0,0,1,0,3,0,0,0,1,7.6
2020,Mank,2,10,1,1,1,0,0,1,0,1,0,1,1,0,0,1,0,0,1,1,0,0,0,0,0,0,0,0,0,0,0,0,0,0,1,1,0,0,1,0,0,0,1,0,0,0,0,0,0,0,0,0,0,131,164,0,0,0,1,0,3,0,0,0,0,7
2020,Minari,2,6,1,1,1,0,0,1,1,0,0,0,1,0,0,0,0,0,0,0,0,0,0,0,0,0,0,0,0,0,0,0,0,0,0,0,0,0,1,0,0,0,0,0,0,0,0,0,0,0,0,0,0,115,73,0,0,1,0,0,3.5,1,0,0,0,7.6
2020,Nomadland,1,6,1,1,0,1,0,0,1,1,0,0,0,0,1,0,0,0,0,0,0,0,1,0,1,0,0,0,0,1,1,0,0,0,0,0,0,0,1,0,0,0,0,0,0,0,0,0,0,0,0,0,0,107,65,0,0,0,1,0,4,0,0,1,0,7.5
2020,Promising Young Woman,2,5,1,1,0,1,0,0,1,0,0,0,0,0,1,0,0,0,0,0,0,0,0,0,0,0,0,0,0,0,0,0,0,0,0,0,1,0,1,0,0,0,0,0,0,0,0,0,0,0,1,0,0,112,126,0,0,0,1,0,3,0,0,0,0,7.5
2020,Sound of Metal,2,6,1,0,1,0,1,0,1,0,0,0,0,0,1,1,0,0,0,0,0,0,0,0,0,0,0,0,0,0,0,0,0,0,0,0,0,0,1,0,0,0,0,0,0,1,0,0,0,0,0,0,0,120,157,0,0,0,1,0,3.5,0,0,0,0,7.8
2020,The Trial of the Chicago 7,2,6,1,0,0,0,1,0,1,1,0,0,0,1,1,0,0,0,0,0,0,0,0,0,0,0,0,0,0,0,0,0,0,0,0,0,0,0,1,0,0,0,1,0,0,0,0,0,0,0,0,0,0,130,212,0,0,0,1,0,3,0,0,0,0,7.8
2019,1917,2,10,1,1,0,0,0,0,1,1,0,0,0,0,0,1,0,0,1,1,0,0,1,0,1,0,0,0,0,1,1,1,0,0,0,0,0,0,1,0,0,0,1,0,0,0,0,0,0,0,0,1,0,119,30,0,0,0,1,0,2.5,1,1,0,0,8.5
2019,The Irishman,2,9,1,1,0,0,1,0,1,1,1,1,0,0,1,0,0,0,1,0,0,0,0,0,0,0,0,0,0,0,0,0,0,0,1,0,1,0,1,0,0,0,0,0,0,0,0,0,0,0,0,0,0,209,101,0,0,0,1,0,3.5,1,0,0,1,8
2019,Little Women,2,6,1,0,0,1,0,1,1,0,0,1,1,0,0,0,0,0,0,0,0,0,0,0,0,0,0,0,0,0,0,0,0,0,0,0,0,0,1,0,0,0,0,0,0,0,0,1,0,0,0,0,0,135,68,0,1,0,0,0,4,0,0,0,0,8.1
2019,Jojo Rabbit,2,6,1,0,0,0,0,1,1,0,1,1,0,0,1,0,0,0,0,0,0,0,0,0,0,0,0,0,0,0,0,0,0,0,0,1,0,0,1,0,0,0,0,0,0,0,0,0,0,0,0,1,0,108,114,0,0,1,0,0,2.5,0,0,0,0,8
2019,Joker,2,11,1,1,1,0,0,0,1,1,0,1,1,0,1,1,0,0,1,1,0,0,0,0,0,1,0,0,0,0,0,0,0,0,0,0,1,0,1,0,0,0,0,0,0,0,0,0,0,0,1,0,0,122,128,0,0,0,1,0,2,0,0,0,0,8.6
2019,Marriage Story,2,6,1,0,1,1,0,1,1,0,0,0,0,1,0,0,0,0,0,0,0,0,0,0,0,0,0,0,0,0,0,0,0,0,0,1,0,0,1,0,0,0,0,0,0,0,0,1,0,0,0,0,0,137,65,0,0,0,1,0,4,0,0,0,0,8.1
2019,Once Upon a Time in...Hollywood,2,10,1,1,1,0,1,0,1,1,0,1,0,1,0,1,0,0,1,0,0,0,0,1,0,0,0,0,0,0,0,0,0,0,0,1,0,0,1,0,0,0,0,0,0,0,0,0,0,0,0,0,0,159,198,0,0,0,1,0,4,0,0,0,0,7.7
2019,Parasite,1,6,1,1,0,0,0,0,1,0,1,0,0,0,1,0,1,0,0,0,0,0,0,0,0,0,0,0,0,0,0,0,0,0,0,1,0,0,1,0,0,0,0,0,0,0,1,0,0,0,1,0,0,132,156,0,0,0,1,0,4,1,1,1,1,8.6
2019,Ford v Ferrari,2,4,1,0,0,0,0,0,0,0,0,0,0,0,1,1,0,0,1,0,0,0,0,0,0,0,0,0,0,0,0,1,1,0,0,0,0,0,1,0,0,0,0,0,0,0,0,0,0,1,0,0,0,152,86,0,0,1,0,0,3,0,0,0,0,8.2
2018,BlacKkKlansman,2,6,1,1,0,0,1,0,1,0,0,0,1,0,1,0,0,0,0,0,0,0,0,0,0,0,0,0,0,0,0,0,0,0,1,0,1,0,1,0,0,0,0,0,0,0,0,0,0,0,0,0,0,135,198,0,0,0,1,0,4,0,0,0,0,7.5
2018,Black Panther,2,7,1,0,0,0,0,0,0,0,0,1,1,1,0,1,0,0,1,0,0,0,0,0,0,0,0,0,0,0,0,1,1,0,0,0,0,0,0,0,0,0,0,0,0,0,0,0,1,0,0,0,0,134,373,0,0,1,0,0,4,0,0,0,0,7.4
2018,Bohemian Rhapsody,2,5,1,0,1,0,0,0,0,0,0,0,0,0,1,1,0,0,1,0,0,0,1,0,0,1,0,0,0,0,0,0,0,0,1,0,0,0,1,0,0,0,0,0,1,0,0,0,0,0,0,0,0,134,114,0,0,1,0,0,1,0,0,0,0,8.2
2018,Green Book,1,5,1,0,1,0,1,0,1,0,0,0,0,0,1,0,0,0,0,0,0,0,0,1,0,0,0,0,0,1,0,0,0,0,1,1,0,0,1,0,0,0,0,0,1,0,0,0,0,0,0,0,0,130,100,0,0,1,0,0,3,0,0,0,1,8.3
2018,A Star is Born,2,8,1,0,1,1,0,0,1,1,0,0,1,1,0,1,0,0,0,0,0,0,0,0,0,0,0,0,0,0,0,0,0,0,0,0,0,0,1,0,0,0,0,0,1,0,0,1,0,0,0,0,0,136,139,0,0,0,1,0,3.5,0,0,0,0,7.9
2018,Vice,2,8,1,1,1,0,1,1,1,0,0,0,0,0,1,0,0,0,0,1,0,0,0,0,0,0,1,0,0,0,0,0,0,0,1,1,0,0,1,0,0,0,0,0,0,0,0,0,0,0,0,0,0,132,61,0,0,0,1,0,1.5,0,0,0,0,7.2
2018,Roma,2,10,1,1,0,1,0,1,1,1,0,0,0,0,0,1,1,0,1,0,0,0,0,0,2,0,0,0,0,0,1,0,0,0,0,0,0,0,1,0,0,0,0,0,0,0,0,0,0,0,0,0,0,135,95,0,0,0,1,0,4,1,0,1,0,7.9
2018,The Favourite,2,7,1,1,0,1,0,1,1,1,0,1,0,0,1,0,0,0,0,0,0,0,0,0,0,0,0,0,1,0,0,0,0,0,0,1,0,0,1,0,0,0,0,0,0,0,0,0,0,0,0,0,0,119,65,0,0,0,1,0,3.5,0,1,1,0,7.8
2017,The Shape of Water,1,13,1,1,0,1,1,1,0,1,0,1,1,0,1,1,0,0,1,1,0,0,0,0,1,0,0,0,0,1,1,0,1,0,0,0,0,0,1,0,1,0,0,0,0,0,0,0,0,0,0,0,0,123,72,0,0,0,1,0,3,1,1,1,0,7.8
2017,Dunkirk,2,8,1,1,0,0,0,0,0,1,1,0,1,0,1,1,0,0,0,0,0,0,0,0,0,0,0,0,0,0,0,1,0,0,0,0,0,0,1,0,0,0,1,0,0,0,0,0,0,0,0,0,0,106,226,0,0,1,0,0,3.5,0,1,1,0,8.1
2017,"Three Billboards Outside Ebbin, Missouri",2,7,1,0,0,1,2,0,1,0,0,0,1,0,1,0,0,0,0,0,0,0,1,0,0,0,0,1,0,0,0,0,0,0,0,0,1,0,1,0,0,0,0,0,0,0,0,0,0,0,0,0,0,115,180,0,0,0,1,0,4,0,0,0,0,8.3
2017,Phantom Thread,2,6,1,1,1,0,0,1,0,0,0,1,1,0,0,0,0,0,0,0,0,0,0,0,0,0,0,0,0,0,0,0,0,0,0,0,0,0,1,0,0,0,0,0,0,0,0,1,0,0,0,0,0,130,87,0,0,0,1,0,4,0,0,0,0,8
2017,Darkest Hour,2,6,1,0,1,0,0,0,0,1,1,1,0,0,0,0,0,0,0,1,0,0,0,0,0,1,0,0,0,0,0,0,0,0,1,0,0,0,1,0,0,0,1,0,0,0,0,0,0,0,0,0,0,125,72,0,1,0,0,0,4,0,0,0,0,7.4
2017,Lady Bird,2,5,1,1,0,1,0,1,1,0,0,0,0,0,0,0,0,0,0,0,0,0,0,0,0,0,0,0,0,0,0,0,0,0,0,1,0,0,1,0,0,0,0,0,0,0,0,0,0,0,0,0,0,94,121,0,0,0,1,0,3.5,1,0,1,0,7.8
2017,Get Out,2,4,1,1,1,0,0,0,1,0,0,0,0,0,0,0,0,0,0,0,0,0,0,0,0,0,0,0,0,0,0,0,0,0,0,0,0,0,0,0,0,0,0,1,0,0,0,0,0,0,1,0,0,104,373,0,0,0,1,0,3,1,1,0,1,7.7
2017,Call Me By Your Name,2,4,1,0,1,0,0,0,1,0,0,0,0,1,0,0,0,0,0,0,0,0,0,0,0,0,0,0,0,0,0,0,0,0,0,0,0,0,1,0,0,0,0,0,0,0,0,1,0,0,0,0,0,132,44,0,0,0,1,0,4,0,1,0,0,8.1
2017,The Post,2,2,1,0,0,1,0,0,0,0,0,0,0,0,0,0,0,0,0,0,0,0,0,0,0,0,0,0,0,0,0,0,0,0,1,0,0,0,1,0,0,0,1,0,0,0,0,0,0,0,1,0,0,116,78,0,1,0,0,0,3,0,0,0,1,7.3
2016,La La Land,2,14,1,1,1,1,0,0,1,1,0,1,1,1,1,1,0,0,0,0,0,0,0,1,0,0,0,0,0,0,1,0,0,0,0,1,0,0,1,0,0,0,0,0,1,1,0,1,0,0,0,0,0,128,64,0,0,1,0,0,3.5,1,0,0,0,8.1
2016,Moonlight,1,8,1,1,0,0,1,1,1,1,0,0,1,0,1,0,0,0,0,0,0,0,1,0,0,0,0,0,0,0,0,0,0,0,0,0,0,0,1,0,0,0,0,0,0,0,0,0,0,0,0,0,0,111,100,0,0,0,1,0,4,0,1,1,0,7.5
2016,Arrival,2,8,1,1,0,1,0,0,1,1,1,0,0,0,1,1,0,0,1,0,0,0,0,0,0,0,0,0,0,1,0,0,0,0,0,0,0,0,1,0,0,0,0,0,0,0,1,0,1,0,1,0,0,116,107,0,0,1,0,0,3,0,0,0,0,7.9
2016,Manchester by the Sea,2,6,1,1,1,0,1,1,1,0,0,0,0,0,0,0,0,0,0,0,0,0,0,0,0,0,0,0,0,0,0,0,0,0,0,0,0,0,1,0,0,0,0,0,0,0,0,0,0,0,0,0,0,137,104,0,0,0,1,0,4,0,0,0,1,7.9
2016,Lion,2,6,1,0,0,0,1,1,1,1,0,1,0,0,0,0,0,0,0,0,0,0,0,0,0,0,0,0,0,0,0,0,0,0,1,0,0,0,1,0,0,0,0,0,0,0,0,0,0,0,0,0,0,120,53,0,0,1,0,0,3.5,0,0,0,0,8.1
2016,Hacksaw Ridge,2,6,1,1,1,0,0,0,0,0,0,0,0,0,1,1,0,0,1,0,0,0,0,0,0,0,0,0,0,0,0,0,0,0,1,0,0,0,1,0,0,0,1,0,0,0,0,0,0,0,0,1,0,139,114,0,0,0,1,0,2.5,0,0,0,0,8.2
2016,Hell or High Water,2,4,1,0,0,0,1,0,1,0,0,0,0,0,1,0,0,0,0,0,0,0,0,0,0,0,0,0,0,0,0,1,0,0,0,0,1,0,1,0,0,0,0,0,0,0,0,0,0,0,1,0,1,102,184,0,0,0,1,0,2.5,0,0,0,0,7.6
2016,Fences,2,4,1,0,1,0,0,1,1,0,0,0,0,0,0,0,0,0,0,0,0,0,0,0,0,0,0,0,0,0,0,0,0,0,0,0,0,0,1,0,0,0,0,0,0,0,0,0,0,0,0,0,0,139,63,0,0,1,0,0,4,0,0,0,0,7.2
2016,Hidden Figures,2,3,1,0,0,0,0,1,1,0,0,0,0,0,0,0,0,0,0,0,0,0,0,0,0,0,0,0,0,0,0,0,0,0,1,1,0,0,1,0,0,0,1,0,0,0,0,0,0,0,0,0,0,127,51,0,1,0,0,0,3.5,0,0,0,0,7.8
2015,The Revenant,2,12,1,1,1,0,1,0,0,1,0,1,0,0,1,1,0,0,1,1,0,0,1,0,0,0,0,0,0,0,1,0,1,0,0,0,0,0,1,0,0,0,0,0,0,0,0,0,0,0,1,0,0,156,75,0,0,0,0,0,3.5,0,0,0,0,8.3
2015,Mad Max: Fury Road,2,10,1,1,0,0,0,0,0,1,0,1,0,0,1,1,0,0,1,1,0,0,0,0,0,0,0,0,0,0,0,1,1,0,0,0,0,0,0,0,0,0,0,0,0,0,0,0,1,0,0,0,0,120,298,0,0,0,0,0,4,0,0,0,1,8.2
2015,The Martian,2,7,1,1,1,0,0,0,1,0,0,0,0,0,0,1,0,0,1,0,0,0,0,1,0,0,0,0,0,0,0,1,0,0,0,1,0,0,1,0,0,0,0,0,0,0,0,0,0,0,0,0,0,144,171,0,1,0,0,0,3.5,0,0,0,0,8.1
2015,Spotlight,1,6,1,1,0,0,1,1,1,0,0,0,0,0,1,0,0,0,0,0,0,0,0,0,0,0,0,0,0,0,0,0,0,0,1,0,0,0,1,0,0,0,1,0,0,0,0,0,0,0,0,0,0,128,179,0,0,0,0,0,3.5,0,1,1,0,8.3
2015,Bridge of Spies,2,6,1,0,0,0,1,0,1,0,0,0,1,0,0,1,0,0,0,0,0,0,0,0,0,0,0,0,0,0,0,0,0,0,1,0,0,0,1,0,0,0,0,0,0,0,0,0,0,0,1,0,0,141,148,0,1,0,0,0,3.5,0,0,0,0,7.8
2015,The Big Short,2,5,1,1,0,0,1,0,1,0,0,0,0,0,1,0,0,0,0,0,0,0,0,0,0,0,0,0,0,1,0,0,0,0,1,0,0,0,1,0,0,0,0,0,0,0,0,0,0,0,0,0,0,130,109,0,0,0,0,0,3.5,0,0,0,0,8
2015,Room,2,4,1,1,0,1,0,0,1,0,0,0,0,0,0,0,0,0,0,0,0,0,0,0,0,0,0,0,0,0,0,0,0,0,0,0,0,0,1,0,0,0,0,0,0,0,0,0,0,0,0,0,0,118,178,0,1,0,0,0,3.5,0,0,0,0,8.3
2015,Brooklyn,2,3,1,0,0,1,0,0,1,0,0,0,0,0,0,0,0,0,0,0,0,0,0,0,0,0,0,0,0,0,0,0,0,0,0,0,0,0,1,0,0,0,0,0,0,0,0,1,0,0,0,0,0,111,399,0,0,1,0,0,4,0,0,0,0,7.8
2014,The Grand Budapest Hotel,2,9,1,1,0,0,0,0,1,1,0,0,1,0,1,0,0,0,0,1,0,0,0,1,0,0,0,0,0,0,0,0,1,0,0,1,0,0,1,0,0,0,0,0,0,0,0,0,0,0,0,0,0,100,352,0,0,0,1,0,4,0,0,0,0,8.1
2014,Birdman,1,9,1,1,1,0,1,1,1,1,0,0,0,0,0,1,0,0,1,0,0,0,0,0,0,0,0,0,0,1,1,0,0,0,0,1,0,0,1,0,0,0,0,0,0,0,0,0,0,0,0,0,0,119,100,0,0,0,1,0,4,0,0,0,0,8.2
2014,The Imitation Game,2,8,1,1,1,0,0,1,1,0,1,0,1,0,1,0,0,0,0,0,0,0,0,0,0,0,0,0,0,0,0,0,0,0,1,0,0,0,1,0,0,0,0,0,0,0,0,0,0,0,1,0,0,114,60,0,0,1,0,0,3.5,0,0,0,0,8.2
2014,Boyhood,2,6,1,1,0,0,1,1,1,0,0,0,0,0,1,0,0,0,0,0,0,0,1,0,1,0,0,0,0,0,1,0,0,0,0,0,0,0,1,0,0,0,0,0,0,0,0,0,0,0,0,0,0,165,399,0,0,0,1,0,4,1,1,0,1,8.2
2014,American Sniper,2,6,1,0,1,0,0,0,1,0,0,0,0,0,1,1,0,0,1,0,0,0,0,0,0,0,0,0,0,0,0,1,0,0,1,0,0,0,1,0,0,0,0,0,0,0,0,0,0,0,0,1,0,132,38,0,0,0,1,0,3.5,0,0,0,0,7.5
2014,Whiplash,2,5,1,0,0,0,1,0,1,0,0,0,0,0,1,1,0,0,0,0,0,0,0,0,0,1,0,0,0,0,0,0,0,0,0,0,0,0,1,0,0,0,0,0,1,0,0,0,0,0,0,0,0,107,403,0,0,0,1,0,4,1,1,1,0,8.6
2014,The Theory of Everything,2,5,1,0,1,1,0,0,1,0,0,0,1,0,0,0,0,0,0,0,0,0,0,0,0,0,0,0,0,0,0,0,0,0,1,0,0,0,1,0,0,0,0,0,0,0,0,1,0,0,0,0,0,123,167,0,0,1,0,0,2.5,0,0,0,0,7.8
2014,Selma,2,2,1,0,0,0,0,0,0,0,0,0,0,1,0,0,0,0,0,0,0,0,0,0,0,0,0,0,0,0,0,0,0,0,1,0,0,0,1,0,0,0,1,0,0,0,0,0,0,0,0,0,0,128,45,0,0,1,0,0,4,0,1,0,1,7.7
2013,American Hustle,2,10,1,1,1,1,1,1,1,0,1,1,0,0,1,0,0,0,0,0,0,0,0,1,0,0,0,0,0,0,0,0,0,0,0,0,1,0,1,0,0,0,0,0,0,0,0,0,0,0,0,0,0,138,72,0,0,0,1,0,4,1,0,0,0,7.6
2013,Gravity,2,10,1,1,0,1,0,0,0,1,1,0,1,0,1,1,0,0,1,0,0,0,0,0,0,0,0,0,0,1,0,0,0,0,0,0,0,0,1,0,0,0,0,0,0,0,0,0,1,0,1,0,0,91,149,0,0,1,0,0,3.5,0,1,0,0,8.2
2013,12 Years a Slave,1,9,1,1,1,0,1,1,1,0,1,1,0,0,1,0,0,0,0,0,0,0,1,0,0,0,0,0,0,1,0,0,0,0,1,0,0,0,1,0,0,0,1,0,0,0,0,0,0,0,0,0,0,134,114,0,0,0,1,0,3.5,0,0,0,0,8.4
2013,Nebraska,2,6,1,1,1,0,0,1,1,1,0,0,0,0,0,0,0,0,0,0,0,0,0,0,0,0,0,0,0,0,0,0,1,0,0,0,0,0,1,0,0,0,0,0,0,0,0,0,0,0,0,0,0,115,37,0,0,0,1,0,3.5,0,0,0,0,7.9
2013,Captain Phillips,2,6,1,0,0,0,1,0,1,0,0,0,0,0,1,1,0,0,1,0,0,0,0,0,0,0,0,0,0,0,0,0,0,0,1,0,0,0,1,0,0,0,0,0,0,0,0,0,0,0,1,0,0,134,142,0,0,1,0,0,3,0,0,0,0,8
2013,Dallas Buyers Club,2,6,1,0,1,0,1,0,1,0,0,0,0,0,1,0,0,0,0,1,0,0,0,0,0,0,0,0,0,0,0,0,0,0,1,0,0,0,1,0,0,0,1,0,0,0,0,0,0,0,0,0,0,117,100,0,0,0,1,0,3,0,0,0,0,8
2013,The Wolf of Wall Street,2,5,1,1,1,0,1,0,1,0,0,0,0,0,0,0,0,0,0,0,0,0,0,0,0,0,0,0,0,0,0,0,0,0,1,1,1,0,0,0,0,0,0,0,0,0,0,0,0,0,0,0,0,180,67,0,0,0,1,0,3.5,0,0,0,0,8.5
2013,Her,2,5,1,0,0,0,0,0,1,0,1,0,1,1,0,0,0,0,0,0,0,0,0,0,0,0,0,0,0,0,0,0,0,0,0,0,0,0,1,0,0,0,0,0,0,0,0,1,1,0,0,0,0,126,51,0,0,0,1,0,3.5,0,1,0,1,8.3
2013,Philomena,2,4,1,0,0,1,0,0,1,0,0,0,1,0,0,0,0,0,0,0,0,0,0,0,0,0,0,0,0,0,0,0,0,0,0,0,0,0,1,0,0,0,0,0,0,0,0,0,0,0,0,0,0,98,95,0,0,1,0,0,3.5,0,0,0,0,7.8
2012,Lincoln,2,12,1,1,1,0,1,1,1,1,0,1,1,0,1,0,0,0,0,0,0,0,0,0,0,0,0,0,0,0,0,0,0,0,1,0,0,0,1,0,0,0,1,0,0,0,0,0,0,0,0,0,0,150,100,0,0,1,0,0,4,0,0,0,0,7.5
2012,Life of Pi,2,11,1,1,0,0,0,0,1,1,0,0,1,1,1,1,0,0,1,0,0,0,0,0,0,0,0,0,0,0,0,1,0,0,0,0,0,0,1,0,0,0,0,0,0,0,0,0,0,0,0,0,0,127,95,0,1,0,0,0,4,0,0,0,0,8.1
2012,Silver Linings Playbook,2,8,1,1,1,1,1,1,1,0,0,0,0,0,1,0,0,0,0,0,0,0,0,0,0,0,0,0,0,0,0,0,0,0,0,1,0,0,1,0,0,0,0,0,0,0,0,1,0,0,0,0,0,122,61,0,0,0,1,0,3.5,0,0,0,0,7.9
2012,Les Miserables,2,8,1,0,1,0,0,1,0,0,0,1,0,1,0,0,0,0,0,1,0,0,0,1,0,0,0,0,0,0,0,0,0,0,0,0,0,0,1,0,0,0,0,0,0,1,0,1,0,0,0,0,0,158,61,0,0,1,0,0,4,0,0,0,0,7.7
2012,Argo,1,7,1,0,0,0,1,0,1,0,0,0,1,0,0,1,0,0,0,0,0,0,1,0,0,0,0,0,0,1,0,0,0,0,0,0,0,0,1,0,0,0,0,0,0,0,0,0,0,0,1,0,0,120,135,0,0,0,1,0,4,0,0,0,0,7.8
2012,Zero Dark Thirty,2,5,1,0,0,1,0,0,1,0,0,0,0,0,1,1,0,0,0,0,0,0,0,0,0,0,0,0,0,0,0,0,0,0,0,0,0,0,1,0,0,0,1,0,0,0,0,0,0,0,1,0,0,157,44,0,0,0,1,0,3,1,0,0,1,7.5
2012,Django Unchained,2,5,1,0,0,0,1,0,1,1,0,0,0,0,0,1,0,0,0,0,0,0,0,0,0,0,0,0,0,0,0,0,0,0,0,0,0,0,0,0,0,0,0,0,0,0,0,0,0,0,0,0,1,165,61,0,0,0,1,0,4,0,0,0,0,8.5
2012,Amour,2,5,1,1,0,1,0,0,1,0,0,0,0,0,0,0,1,0,0,0,0,0,0,0,0,0,0,0,0,0,0,0,0,0,0,0,0,0,1,0,0,0,0,0,0,0,0,1,0,0,0,0,0,125,155,0,0,1,0,0,4,0,1,1,0,7.8
2012,Beasts of Southern Wild,2,4,1,1,0,1,0,0,1,0,0,0,0,0,0,0,0,0,0,0,0,0,0,0,0,0,0,0,0,0,0,0,0,0,0,0,0,0,1,0,1,0,0,0,0,0,0,0,0,0,0,0,0,93,234,0,0,1,0,0,4,0,0,0,0,7.3
2011,Hugo,2,11,1,1,0,0,0,0,1,1,1,1,1,0,1,1,0,0,1,0,0,0,0,0,1,0,0,0,0,0,0,0,1,0,0,0,0,0,1,1,0,0,0,0,0,1,0,0,0,0,0,0,0,126,139,0,1,0,0,0,4,0,0,0,1,7.6
2011,The Artist,1,10,1,1,1,0,0,1,1,1,1,1,1,0,1,0,0,0,0,0,0,0,0,1,0,0,1,0,0,1,1,0,0,0,0,1,0,0,1,0,0,0,0,0,0,0,0,1,0,0,0,0,0,100,287,0,0,0,0,0,4,1,0,0,0,8
2011,War Horse,2,6,1,0,0,0,0,0,0,1,1,0,1,0,0,1,0,0,0,0,0,0,0,0,0,0,0,0,0,0,0,0,0,0,0,0,0,0,1,0,0,0,0,0,0,0,0,0,0,0,0,1,0,146,84,0,0,1,0,0,3.5,0,0,0,0,7.3
2011,Moneyball,2,6,1,0,1,0,1,0,1,0,0,0,0,0,1,0,0,0,0,0,0,0,0,0,0,0,0,0,0,0,0,0,0,0,1,0,0,0,1,0,0,0,0,0,0,0,0,0,0,1,0,0,0,133,170,0,0,1,0,0,4,0,0,0,0,7.6
2011,The Descendants,2,5,1,1,1,0,0,0,1,0,0,0,0,0,1,0,0,0,0,0,0,0,1,0,0,1,0,0,0,0,0,0,0,0,0,1,0,0,1,0,0,0,0,0,0,0,0,0,0,0,0,0,0,115,177,0,0,0,1,0,4,0,1,0,0,7.4
2011,Midnight in Paris,2,4,1,1,0,0,0,0,1,0,1,0,0,0,0,0,0,0,0,0,0,0,0,0,0,0,0,0,0,0,0,0,0,0,0,1,0,0,0,0,1,0,0,0,0,0,0,1,0,0,0,0,0,94,168,0,0,1,0,0,3.5,0,0,0,0,7.7
2011,The Help,2,4,1,0,0,1,0,1,0,0,0,0,0,0,0,0,0,0,0,0,0,0,0,0,0,0,0,0,0,0,0,0,0,0,0,0,0,0,1,0,0,0,0,0,0,0,0,0,0,0,0,0,0,146,201,0,0,1,0,0,3,0,0,0,0,8.1
2011,The Tree of Life,2,3,1,1,0,0,0,0,0,1,0,0,0,0,0,0,0,0,0,0,0,0,0,0,0,0,0,0,0,0,0,0,0,0,0,0,0,0,1,0,1,0,0,0,0,0,0,0,0,0,0,0,0,139,286,0,0,0,0,0,4,0,0,0,0,6.7
2011,Extremely Loud & Incredibly Close,2,2,1,0,0,0,1,0,0,0,0,0,0,0,0,0,0,0,0,0,0,0,0,0,0,0,0,0,0,0,0,0,1,0,0,0,0,0,1,0,0,0,0,0,0,0,1,0,0,0,0,0,0,129,63,0,0,1,0,0,2.5,0,0,0,0,6.9
2010,The King's Speech,1,12,1,1,1,0,1,1,1,1,1,1,1,0,1,1,0,0,1,0,0,0,0,0,0,1,0,0,0,0,1,0,0,0,1,0,0,0,1,0,0,0,1,0,0,0,0,0,0,0,0,0,0,118,65,0,0,0,1,0,4,1,1,1,1,8.1
2010,True Grit,2,10,1,1,1,0,0,1,1,1,1,1,0,0,0,1,0,0,0,0,0,0,0,0,0,0,0,0,0,0,0,0,1,0,0,0,0,0,1,0,0,0,0,0,0,0,0,0,0,0,0,0,1,110,67,0,0,1,0,0,3.5,0,0,1,1,7.7
2010,The Social Network,2,8,1,1,1,0,0,0,1,1,0,0,1,0,1,1,0,0,0,0,0,0,1,0,1,0,0,0,0,0,0,0,0,0,1,0,0,0,1,0,0,0,0,0,0,0,0,0,0,0,0,0,0,120,149,0,0,1,0,0,4,1,1,1,1,7.8
2010,Inception,2,8,1,0,0,0,0,0,1,1,1,0,0,0,0,1,0,0,1,0,0,0,0,0,0,0,0,0,0,0,0,1,1,0,0,0,0,0,0,0,0,0,0,0,0,0,1,0,0,0,0,0,0,148,226,0,0,1,0,0,4,0,1,0,1,8.8
2010,The Fighter,2,7,1,1,0,0,1,1,1,0,0,0,0,0,1,0,0,0,0,0,0,0,0,0,0,0,0,0,0,0,0,0,0,0,1,0,0,0,1,0,0,0,0,0,0,0,0,0,0,1,0,0,0,116,72,0,0,0,1,0,2.5,1,0,0,1,7.9
2010,127 Hours,2,6,1,0,1,0,0,0,1,0,0,0,1,1,1,0,0,0,0,0,0,0,0,0,0,0,0,0,0,0,0,0,1,0,1,0,0,0,1,0,0,0,0,0,0,0,0,0,0,0,0,0,0,94,30,0,0,0,1,0,4,0,0,0,0,7.7
2010,Toy Story 3,2,5,1,0,0,0,0,0,1,0,0,0,0,1,0,1,0,1,0,0,0,0,0,0,0,0,0,0,0,0,0,0,1,1,0,1,0,0,0,0,0,0,0,0,0,0,0,0,0,0,0,0,0,103,254,1,0,0,0,0,3,0,1,0,1,8.5
2010,Black Swan,2,5,1,1,0,1,0,0,0,1,0,0,0,0,1,0,0,0,0,0,0,0,0,0,0,0,0,1,0,0,0,0,0,0,0,0,0,0,1,0,0,0,0,0,0,0,1,0,0,0,1,0,0,108,72,0,0,0,1,0,4.5,1,1,0,0,8.1
2010,Winter's Bone,2,4,1,0,0,1,1,0,1,0,0,0,0,0,0,0,0,0,0,0,0,0,0,0,0,0,0,0,0,0,0,0,0,0,0,0,0,0,1,0,0,0,0,0,0,0,0,0,0,0,0,0,0,100,163,0,0,0,1,0,4,0,0,1,1,7.2
2010,The Kids Are All Right,2,4,1,0,0,1,1,0,1,0,0,0,0,0,0,0,0,0,0,0,0,0,0,1,0,0,0,0,1,0,0,0,0,0,0,1,0,0,1,0,0,0,0,0,0,0,0,0,0,0,0,0,0,106,212,0,0,0,1,0,3.5,1,0,0,0,7.1
2009,The Hurt Locker,1,8,1,1,1,0,0,0,1,1,0,0,1,0,1,1,0,0,0,0,0,0,0,0,0,0,0,0,0,1,0,0,0,0,0,0,0,0,1,0,0,0,0,0,0,0,0,0,0,0,1,1,0,131,610,0,0,0,1,0,4,1,1,1,0,7.6
2009,Avatar,2,8,1,1,0,0,0,0,0,1,1,0,1,0,1,1,0,0,1,0,0,0,1,0,1,0,0,0,0,0,0,1,1,0,0,0,0,0,0,0,1,0,0,0,0,0,0,0,1,0,0,0,0,162,142,0,0,0,0,1,4,0,0,0,0,8
2009,Inglourious Basterds,2,7,1,1,0,0,1,0,1,1,0,0,0,0,1,1,0,0,0,0,0,0,0,0,0,0,0,0,0,0,0,0,1,0,0,0,0,0,1,0,0,0,0,0,0,0,0,0,0,0,0,1,0,153,353,0,0,0,1,0,4,0,0,0,1,8.3
2009,Up in the Air,2,6,1,1,1,0,1,1,1,0,0,0,0,0,0,0,0,0,0,0,0,0,0,0,0,0,0,0,0,0,0,0,0,0,0,0,0,0,1,0,0,0,0,0,0,0,0,1,0,0,0,0,0,109,244,0,0,0,1,0,4,0,0,0,1,7.5
2009,Precious: Based on the Novel 'Push' by Sapphire,2,6,1,1,0,1,0,1,1,0,0,0,0,0,1,0,0,0,0,0,0,0,0,0,0,0,0,0,0,0,0,0,0,0,0,0,0,0,1,0,0,0,0,0,0,0,0,0,0,0,0,0,0,110,477,0,0,0,1,0,4,0,0,0,0,7.4
2009,Up,2,5,1,0,0,0,0,0,1,0,0,0,1,0,0,1,0,1,0,0,0,0,0,0,0,0,0,0,0,0,0,0,1,1,0,0,0,0,1,1,1,0,0,0,0,0,0,0,0,0,0,0,0,96,359,1,0,0,0,0,4,0,0,0,0,8.3
2009,District 9,2,4,1,0,0,0,0,0,1,0,0,0,0,0,1,0,0,0,1,0,0,0,0,0,0,0,0,0,0,0,0,1,0,0,0,0,0,0,0,0,0,0,0,0,0,0,0,0,1,0,1,0,0,112,233,0,0,0,0,1,3,0,1,0,1,8
2009,An Education,2,3,1,0,0,1,0,0,1,0,0,0,0,0,0,0,0,0,0,0,0,0,0,0,0,0,0,0,0,0,0,0,0,0,0,0,0,0,1,0,0,0,0,0,0,0,0,0,0,0,0,0,0,100,474,0,1,0,0,0,4,0,0,0,0,7.3
2009,A Serious Man,2,2,1,0,0,0,0,0,1,0,0,0,0,0,0,0,0,0,0,0,0,0,0,0,0,0,0,0,0,0,0,0,0,0,0,1,0,0,1,0,0,0,0,0,0,0,0,0,0,0,0,0,0,106,237,0,0,0,1,0,4,0,0,0,0,7
2009,The Blind Side,2,2,1,0,0,1,0,0,0,0,0,0,0,0,0,0,0,0,0,0,0,0,0,0,0,0,0,1,0,0,0,0,0,0,1,0,0,0,1,0,0,0,0,0,0,0,0,0,0,1,0,0,0,129,168,0,1,0,0,0,0,0,0,0,0,7.7
2008,Benjamin B,2,13,1,1,1,0,0,1,1,1,1,1,1,0,1,0,0,0,1,1,0,0,0,0,0,0,0,0,0,0,0,0,0,0,0,0,0,0,1,0,1,0,0,0,0,0,0,1,0,0,0,0,0,166,60,0,0,1,0,0,2.5,0,0,0,0,7.8
2008,Slumdog,1,10,1,1,0,0,0,0,1,1,0,0,1,1,1,1,0,0,0,0,0,0,1,0,0,0,0,0,0,1,0,0,0,0,0,0,0,0,1,0,0,0,0,0,0,0,0,1,0,0,1,0,0,120,31,0,0,0,0,0,4,0,0,0,1,8.1
2008,Milk,2,8,1,1,1,0,1,0,1,0,0,1,1,0,1,0,0,0,0,0,0,0,0,0,0,0,0,0,0,0,0,0,0,0,1,0,0,0,1,0,0,0,1,0,0,0,0,0,0,0,0,0,0,128,24,0,0,0,0,0,4,1,0,0,0,7.7
2008,The Reader,2,5,1,1,0,1,0,0,1,1,0,0,0,0,0,0,0,0,0,0,0,0,0,0,0,0,0,0,0,0,0,0,0,0,0,0,0,0,1,0,0,0,0,0,0,0,0,1,0,0,0,0,0,124,24,0,0,0,0,0,3.5,0,0,0,0,7.6
2008,Frost/Nixon,2,5,1,1,1,0,0,0,1,0,0,0,0,0,1,0,0,0,0,0,0,0,0,0,0,0,0,0,0,0,0,0,0,0,0,0,0,0,1,0,0,0,1,0,0,0,0,0,0,0,0,0,0,122,31,0,0,0,0,0,4,0,0,0,0,7.8
2007,Blood,2,8,1,1,1,0,0,0,1,1,1,0,0,0,1,1,0,0,0,0,0,0,0,0,0,0,0,0,0,0,0,0,0,0,0,0,0,0,1,0,0,0,0,0,0,0,0,0,0,0,0,0,0,158,44,0,0,0,1,0,3.5,0,1,1,0,8.703733187
2007,Country,1,8,1,1,0,0,1,0,1,1,0,0,0,0,1,1,0,0,1,0,0,0,0,0,0,0,0,0,0,1,0,0,0,0,0,0,1,0,1,0,0,0,0,0,0,0,0,0,0,0,1,0,0,122,95,0,0,0,1,0,4,1,0,0,1,8.64350528
2007,Clayton,2,7,1,1,1,0,1,1,1,0,0,0,1,0,0,0,0,0,0,0,0,0,0,0,0,0,0,0,0,0,0,0,0,0,0,0,0,0,1,0,0,0,0,0,0,0,0,0,0,0,1,0,0,119,135,0,0,0,1,0,4,0,0,0,0,7.581818182
2007,Atonement,2,7,1,0,0,0,0,1,1,1,1,1,1,0,0,0,0,0,0,0,0,0,1,0,0,0,0,0,0,0,0,0,0,0,0,0,0,0,1,0,0,0,0,0,0,0,0,1,0,0,0,1,0,130,51,0,0,0,1,0,4,0,0,0,0,7.926470588
2007,Juno,2,4,1,1,0,1,0,0,1,0,0,0,0,0,0,0,0,0,0,0,0,0,0,0,0,0,0,0,0,0,0,0,0,0,0,1,0,0,1,0,0,0,0,0,0,0,0,0,0,0,0,0,0,96,61,0,0,1,0,0,4,0,0,0,0,8.338287118
2006,Babel,2,7,1,1,0,0,0,2,1,0,0,0,1,0,1,0,0,0,0,0,0,0,1,0,0,0,0,0,0,0,0,0,0,0,0,0,0,0,1,0,0,0,0,0,0,0,0,0,0,0,1,0,0,142,121,0,0,0,1,0,4,0,0,0,0,7.660486322
2006,Queen,2,6,1,1,0,1,0,0,1,0,0,1,1,0,0,0,0,0,0,0,0,0,0,0,0,0,0,0,0,0,0,0,0,0,1,0,0,0,1,0,0,0,0,0,0,0,0,0,0,0,0,0,0,97,148,0,0,1,0,0,4,0,0,0,0,7.509937649
2006,Departed,1,5,1,1,0,0,1,0,1,0,0,0,0,0,1,0,0,0,0,0,0,0,0,0,0,0,0,0,0,0,0,0,0,0,0,0,1,0,1,0,0,0,0,0,0,0,0,0,0,0,1,0,0,151,142,0,0,0,1,0,4,0,0,0,0,8.374746609
2006,Sunshine,2,4,1,0,0,0,1,1,1,0,0,0,0,0,0,0,0,0,0,0,0,0,0,0,0,0,0,0,0,1,0,0,0,0,0,1,0,0,1,0,0,0,0,0,0,0,0,0,0,0,0,0,0,101,214,0,0,0,1,0,3.5,0,0,0,0,8.062567615
2006,Letters,2,4,1,1,0,0,0,0,1,0,0,0,0,0,0,0,0,0,1,0,0,0,0,0,0,0,0,0,0,0,0,0,0,0,0,0,0,0,1,0,0,0,1,0,0,0,0,0,0,0,0,1,0,140,67,0,0,0,1,0,4,0,1,0,1,7.917122186
2005,Brokeback,2,8,1,1,1,0,1,1,1,1,0,0,1,0,0,0,0,0,0,0,0,0,1,0,0,0,0,0,0,1,0,0,0,0,0,0,0,0,1,0,0,0,0,0,0,0,0,1,0,0,0,0,0,134,95,0,0,0,1,0,4,1,1,0,0,7.8762206
2005,Goodnight,2,6,1,1,1,0,0,0,1,1,1,0,0,0,0,0,0,0,0,0,0,0,0,0,0,0,0,0,0,0,0,0,0,0,0,0,0,0,1,0,0,0,1,0,0,0,0,0,0,0,0,0,0,93,149,0,1,0,0,0,4,0,0,0,1,7.834227169
2005,Crash,1,6,1,1,0,0,1,0,1,0,0,0,0,1,1,0,0,0,0,0,0,0,0,0,0,0,0,0,0,0,0,0,0,0,0,0,1,0,1,0,0,0,0,0,0,0,0,0,0,0,0,0,0,113,303,0,0,0,1,0,4,0,0,0,0,8.176611414
2005,Munich,2,5,1,1,0,0,0,0,1,0,0,0,1,0,1,0,0,0,0,0,0,0,0,0,0,0,0,0,0,0,0,0,0,0,0,0,0,0,1,0,0,0,1,0,0,0,0,0,0,0,1,0,0,164,72,0,0,0,1,0,4,0,0,0,0,7.762368421
2005,Capote,2,5,1,1,1,0,0,1,1,0,0,0,0,0,0,0,0,0,0,0,0,0,0,0,0,0,0,0,0,0,0,0,0,0,1,0,1,0,1,0,0,0,0,0,0,0,0,0,0,0,0,0,0,114,156,0,0,0,1,0,4,0,0,1,0,7.736932169
2004,Aviator,2,11,1,1,1,0,1,1,1,1,1,1,0,0,1,1,0,0,0,0,0,0,1,0,0,0,0,0,0,1,0,0,0,0,1,0,0,0,1,0,0,0,0,0,0,0,0,0,0,0,0,0,0,170,75,0,0,1,0,0,4,0,0,0,0,7.571647361
2004,Million,1,7,1,1,1,1,1,0,1,0,0,0,0,0,1,0,0,0,0,0,0,0,0,0,0,0,0,0,0,0,0,0,0,0,0,0,0,0,1,0,0,0,0,0,0,0,0,0,0,1,0,0,0,132,74,0,0,1,0,0,4,0,0,1,0,8.266786427
2004,Neverland,2,7,1,0,1,0,0,0,1,0,1,1,1,0,1,0,0,0,0,0,0,0,0,0,0,0,0,0,0,0,0,0,0,0,0,0,0,0,1,0,0,0,0,0,0,0,0,0,0,0,0,0,0,106,107,0,1,0,0,0,3.5,0,0,0,1,7.963321469
2004,Ray,2,6,1,1,1,0,0,0,0,0,0,1,0,0,1,1,0,0,0,0,0,0,0,0,0,0,0,0,0,0,0,0,0,0,1,0,0,0,1,0,0,0,0,0,1,0,0,0,0,0,0,0,0,152,131,0,0,1,0,0,4,0,0,0,0,7.742107607
2004,Sideways,2,5,1,1,0,0,1,1,1,0,0,0,0,0,0,0,0,0,0,0,0,0,0,1,0,0,0,0,0,0,0,0,0,0,0,1,0,0,1,0,0,0,0,0,0,0,0,1,0,0,0,0,0,123,138,0,0,0,1,0,4,1,1,0,0,7.765741939
2003,Return,1,11,1,1,0,0,0,0,1,0,1,1,1,1,1,1,0,0,1,1,0,0,1,0,0,0,0,0,0,1,0,1,1,0,0,0,0,0,0,0,1,0,0,0,0,0,0,0,0,0,0,0,0,201,74,0,0,1,0,0,3.5,1,0,0,0,8.785542705
2003,Master,2,10,1,1,0,0,0,0,0,1,1,1,0,0,1,1,0,0,2,1,0,0,0,0,0,0,0,0,0,0,0,1,1,0,0,0,0,0,1,0,0,0,0,0,0,0,0,0,0,0,0,1,0,138,107,0,0,1,0,0,4,0,0,0,0,7.470705051
2003,Seabiscuit,2,7,1,0,0,0,0,0,1,1,1,1,0,0,1,1,0,0,0,0,0,0,0,0,0,0,0,0,0,0,0,0,0,0,0,0,0,0,1,0,0,0,0,0,0,0,0,0,0,0,0,0,0,141,219,0,0,1,0,0,3.5,0,0,0,0,7.446016091
2003,Mystic,2,6,1,1,1,0,1,1,1,0,0,0,0,0,0,0,0,0,0,0,0,0,0,0,0,0,0,0,0,0,0,0,0,0,0,0,1,0,1,0,0,0,0,0,0,0,0,0,0,0,0,0,0,137,137,0,0,0,1,0,4,0,0,0,1,7.968962921
2003,Lost,2,4,1,1,1,0,0,0,1,0,0,0,0,0,0,0,0,0,0,0,0,0,0,1,0,0,0,0,0,0,0,0,0,0,0,1,0,0,1,0,0,0,0,0,0,0,0,0,0,0,0,0,0,102,149,0,0,0,1,0,4,0,0,0,0,7.879497963
2002,Chicago,1,13,1,1,0,1,1,2,1,1,1,1,0,1,1,1,0,0,0,0,0,0,0,1,0,0,0,0,0,1,0,0,0,0,0,1,1,0,1,0,0,0,0,0,0,1,0,0,0,0,0,0,0,113,58,0,0,1,0,0,3.5,0,0,0,0,7.285855472
2002,Gangs,2,10,1,1,1,0,0,0,1,1,1,1,0,1,1,1,0,0,0,0,0,0,0,0,0,0,0,0,0,0,0,0,0,0,0,0,1,0,1,0,0,0,0,0,0,0,0,0,0,0,0,0,0,166,93,0,0,0,1,0,3.5,0,0,0,0,7.188979315
2002,Hours,2,9,1,1,0,1,1,1,1,0,0,1,1,0,1,0,0,0,0,0,0,0,1,0,0,0,0,0,0,0,0,0,0,0,0,0,0,0,1,0,0,0,0,0,0,0,0,0,0,0,0,0,0,114,58,0,0,1,0,0,3.5,0,0,0,1,7.55681382
2002,Pianist,2,7,1,1,1,0,0,0,1,1,0,1,0,0,1,0,0,0,0,0,0,0,0,0,0,0,0,0,0,0,0,0,0,0,0,0,0,0,1,0,0,0,0,0,0,0,0,0,0,0,0,1,0,150,79,0,0,0,1,0,3.5,0,0,1,0,8.362230615
2002,Towers,2,6,1,0,0,0,0,0,0,0,1,0,0,0,1,1,0,0,2,0,0,0,0,0,0,0,0,0,0,0,0,1,1,0,0,0,0,0,0,0,1,0,0,0,0,0,0,0,0,0,0,0,0,179,95,0,0,1,0,0,3,0,0,0,0,8.685749755
2001,Fellowship,2,13,1,1,0,0,1,0,1,1,1,1,1,1,1,1,0,0,1,1,0,0,0,0,0,0,0,0,0,0,0,1,1,0,0,0,0,0,0,0,1,0,0,0,0,0,0,0,0,0,0,0,0,178,95,0,0,1,0,0,3,0,0,0,0,8.68859349
2001,Moulin,2,8,1,0,0,1,0,0,0,1,1,1,0,0,1,1,0,0,0,1,0,0,0,1,0,0,0,0,0,1,0,0,0,0,0,0,0,0,1,0,0,0,0,0,0,1,0,1,0,0,0,0,0,127,296,0,0,1,0,0,3.5,0,0,0,1,7.681128241
2001,Beautiful,1,8,1,1,1,0,0,1,1,0,0,0,1,0,1,0,0,0,0,1,0,0,1,0,0,0,0,0,0,0,0,0,0,0,0,0,0,0,1,0,0,0,0,0,0,0,1,0,0,0,0,0,0,135,79,0,0,1,0,0,4,0,0,0,0,7.778555576
2001,Gosford,2,7,1,1,0,0,0,2,1,0,1,1,0,0,0,0,0,0,0,0,0,0,0,0,0,0,0,0,0,0,0,0,0,0,0,1,1,0,1,0,0,0,0,0,0,0,1,0,0,0,0,0,0,137,79,0,0,0,1,0,4,0,0,0,0,7.173776576
2001,Bedroom,2,5,1,0,1,1,0,1,1,0,0,0,0,0,0,0,0,0,0,0,0,0,0,0,0,0,0,0,0,0,0,0,0,0,0,0,0,0,1,0,0,0,0,0,0,0,0,0,0,0,0,0,0,130,89,0,0,0,1,0,4,0,1,0,0,7.339506747
2000,Gladiator,1,12,1,1,1,0,1,0,1,1,1,1,1,0,1,1,0,0,1,0,0,0,1,0,0,0,0,0,0,1,0,1,0,0,0,0,0,0,1,0,0,0,0,0,0,0,0,0,0,0,0,0,0,155,324,0,0,0,1,0,2,0,0,0,0,8.087294939
2000,Crouching,2,10,1,1,0,0,0,0,1,1,1,1,1,1,1,0,1,0,0,0,0,0,0,0,0,0,0,0,0,0,0,1,1,0,0,0,0,0,1,0,1,0,0,0,0,0,0,1,0,0,0,0,0,120,93,0,0,1,0,0,4,0,1,0,0,8.074535839
2000,Traffic,2,5,1,1,0,0,1,0,1,0,0,0,0,0,1,0,0,0,0,0,0,0,0,0,0,0,0,0,0,0,0,0,0,0,0,0,1,0,1,0,0,0,0,0,0,0,0,0,0,0,1,0,0,147,79,0,0,0,1,0,4,1,0,0,0,7.774781765
2000,Chocolat,2,5,1,0,0,1,0,1,1,0,0,0,1,0,0,0,0,0,0,0,0,0,0,0,0,0,0,0,0,0,0,0,0,0,0,1,0,0,1,0,0,0,0,0,0,0,0,1,0,0,0,0,0,121,79,0,0,1,0,0,3,0,0,0,0,7.275382673
2000,Brockovich,2,5,1,1,0,1,1,0,1,0,0,0,0,0,0,0,0,0,0,0,0,0,0,0,0,0,0,0,0,0,0,0,0,0,0,0,0,0,1,0,0,0,0,0,0,0,0,0,0,0,0,0,0,130,373,0,0,0,1,0,2,0,0,0,0,7.181155597
1999,American,1,8,1,1,1,1,0,0,1,1,0,0,1,0,1,0,0,0,0,0,0,0,1,0,0,0,0,0,0,1,0,0,0,0,0,0,0,0,1,0,0,0,0,0,0,0,0,0,0,0,0,0,0,122,177,0,0,0,1,0,4,0,0,0,1,8.485507964
1999,Insider,2,7,1,1,1,0,0,0,1,1,0,0,0,0,1,1,0,0,0,0,0,0,0,0,0,0,0,0,0,0,0,0,0,0,0,0,0,0,1,0,0,0,0,0,0,0,0,0,0,0,1,0,0,157,142,0,0,0,1,0,3.5,0,1,0,0,7.863749593
1999,Cider,2,7,1,1,0,0,1,0,1,0,1,0,1,0,1,0,0,0,0,0,0,0,0,0,0,0,0,0,0,0,0,0,0,0,0,0,0,0,1,0,0,0,0,0,0,0,0,1,0,0,0,0,0,126,100,0,0,1,0,0,2,0,0,0,0,7.366467684
1999,Sixth,2,6,1,1,0,0,1,1,1,0,0,0,0,0,1,0,0,0,0,0,0,0,0,0,0,0,0,0,0,0,0,0,0,0,0,0,0,0,1,0,0,0,0,0,0,0,1,0,0,0,1,0,0,107,233,0,0,1,0,0,3,0,0,0,0,8.186004149
1999,Green,2,4,1,0,0,0,1,0,1,0,0,0,0,0,0,1,0,0,0,0,0,0,0,0,0,0,0,0,0,0,0,0,0,0,0,0,0,0,1,0,1,0,0,0,0,0,0,0,0,0,0,0,0,188,107,0,0,0,1,0,3.5,0,0,0,0,8.179837042
1998,Shakespeare,1,13,1,1,0,1,1,1,1,1,1,1,1,0,1,1,0,0,0,1,0,0,0,1,0,0,0,0,0,0,0,0,0,0,0,1,0,0,1,0,0,0,0,0,0,0,0,1,0,0,0,0,0,122,86,0,0,0,1,0,4,0,0,0,0,7.383515687
1998,Saving,2,11,1,1,1,0,0,0,1,1,1,0,1,0,1,1,0,0,1,1,0,0,1,0,0,0,0,0,0,1,0,1,0,0,0,0,0,0,1,0,0,0,0,0,0,0,0,0,0,0,0,1,0,170,240,0,0,0,1,0,4,1,1,0,0,8.385073316
1998,Thin,2,7,1,1,0,0,0,0,1,1,0,0,1,0,1,1,0,0,0,0,0,0,0,0,0,0,0,0,0,0,0,1,0,0,0,0,0,0,1,0,0,0,0,0,0,0,0,0,0,0,0,1,0,170,72,0,0,0,1,0,3,0,0,0,0,7.279506043
1998,Elizabeth,2,7,1,0,0,1,0,0,0,1,1,1,1,0,0,0,0,0,0,1,0,0,0,0,0,0,0,0,0,0,0,0,0,0,0,0,0,0,1,0,0,0,0,0,0,0,0,0,0,0,0,0,0,124,135,0,0,0,1,0,3.5,0,0,0,0,7.543551889
1998,Beautiful,2,7,1,1,1,0,0,0,1,0,0,0,1,0,1,0,1,0,0,0,0,0,0,0,0,0,0,0,0,0,0,0,0,0,0,1,0,0,1,0,0,0,0,0,0,0,0,1,0,0,0,1,0,116,149,0,0,1,0,0,3.5,0,0,0,0,8.361799073
1997,Titanic,1,14,1,1,0,1,0,1,0,1,1,1,1,1,1,1,0,0,2,1,0,0,1,0,0,0,0,0,0,1,0,0,0,0,0,0,0,0,1,0,0,0,0,0,0,0,0,1,0,0,0,0,0,194,94,0,0,1,0,0,4,0,0,0,0,6.997009936
1997,Will,2,9,1,1,1,0,1,1,1,0,0,0,1,1,1,0,0,0,0,0,0,0,0,0,0,0,0,0,0,0,0,0,0,0,0,0,0,0,1,0,0,0,0,0,0,0,0,0,0,0,0,0,0,126,108,0,0,0,1,0,3,0,0,0,0,7.881399564
1997,LA,2,9,1,1,0,0,0,1,1,1,1,0,1,0,1,1,0,0,0,0,0,0,0,0,0,0,0,0,0,0,0,0,0,0,0,0,1,0,1,0,0,0,0,0,0,0,1,0,0,0,1,0,0,138,185,0,0,0,1,0,4,1,1,1,1,8.37764425
1997,Gets,2,7,1,0,1,1,1,0,1,0,0,0,1,0,1,0,0,0,0,0,0,0,0,1,0,0,0,0,0,0,0,0,0,0,0,1,0,0,1,0,0,0,0,0,0,0,0,1,0,0,0,0,0,139,88,0,0,1,0,0,3,0,0,0,0,7.678911852
1997,Monty,2,4,1,1,0,0,0,0,1,0,0,0,1,0,0,0,0,0,0,0,0,0,0,0,0,0,0,0,0,0,0,0,0,0,0,1,0,0,0,0,0,0,0,0,0,0,0,0,0,0,0,0,0,91,161,0,0,0,1,0,3,0,0,0,0,7.177694657
1996,English,1,12,1,1,1,1,0,1,1,1,1,1,1,0,1,1,0,0,0,0,0,0,1,0,0,0,0,0,0,1,0,0,0,0,0,0,0,0,1,0,0,0,0,0,0,0,0,1,0,0,0,1,0,160,129,0,0,0,1,0,4,0,0,0,0,7.08510882
1996,Shine,2,7,1,1,1,0,1,0,1,0,0,0,1,0,1,0,0,0,0,0,0,0,0,0,0,0,0,0,0,0,0,0,0,0,0,0,0,0,1,0,0,0,0,0,1,0,0,1,0,0,0,0,0,105,124,0,0,1,0,0,4,0,0,0,1,7.438530646
1996,Fargo,2,7,1,1,0,1,1,0,1,1,0,0,0,0,1,0,0,0,0,0,0,0,0,0,0,0,0,0,0,0,0,0,0,0,0,0,1,0,1,0,0,0,0,0,0,0,0,0,0,0,1,0,0,98,381,0,0,0,1,0,4,1,0,0,0,8.178975968
1996,Secrets,2,5,1,1,0,1,0,1,1,0,0,0,0,0,0,0,0,0,0,0,0,0,0,0,0,0,0,0,0,0,0,0,0,0,0,1,0,0,1,0,0,0,0,0,0,0,0,0,0,0,0,0,0,136,178,0,0,0,1,0,4,0,1,0,0,7.671529961
1996,Jerry,2,5,1,0,1,0,1,0,1,0,0,0,0,0,1,0,0,0,0,0,0,0,0,0,0,0,0,0,0,0,0,0,0,0,0,1,0,0,1,0,0,0,0,0,0,0,0,1,0,0,0,0,0,138,101,0,0,0,1,0,3,0,0,0,0,7.186687421
1995,Braveheart,1,10,1,1,0,0,0,0,1,1,0,1,1,0,1,1,0,0,1,1,0,0,0,0,0,0,0,0,0,0,0,1,0,0,0,0,0,0,1,0,0,0,0,0,0,0,0,0,0,0,0,1,0,177,306,0,0,0,1,0,3.5,0,0,0,0,8.28465409
1995,Apollo,2,9,1,0,0,0,1,1,1,0,1,0,1,0,1,1,0,0,1,0,0,0,0,0,0,0,0,0,0,1,0,0,0,0,0,0,0,0,1,0,0,0,0,0,0,0,0,0,0,0,0,0,0,140,269,0,1,0,0,0,4,0,0,0,0,7.48144249
1995,Sense,2,7,1,0,0,1,0,1,1,1,0,1,1,0,0,0,0,0,0,0,0,0,1,0,0,0,0,0,0,0,0,0,0,0,0,1,0,0,1,0,0,0,0,0,0,0,0,1,0,0,0,0,0,136,103,0,1,0,0,0,2.5,0,0,0,1,7.543132108
1995,Babe,2,7,1,1,0,0,1,0,1,0,1,0,0,0,1,0,0,0,1,0,0,0,0,1,0,0,0,0,0,0,0,0,0,0,0,1,0,0,1,1,1,0,0,0,0,0,0,0,0,0,0,0,0,89,234,1,0,0,0,0,3,0,0,1,0,7.267002284
1995,Postino,2,5,1,1,1,0,0,0,1,0,0,0,1,0,0,0,0,0,0,0,0,0,0,0,0,0,0,0,0,0,0,0,0,0,0,0,0,0,1,0,0,0,0,0,0,0,0,1,0,0,0,0,0,108,285,0,1,0,0,0,3.5,0,0,0,0,7.501540015
1994,Forrest,1,13,1,1,1,0,1,0,1,1,1,0,1,0,1,1,0,0,2,1,0,0,1,0,0,0,0,0,0,1,0,0,0,0,0,1,0,0,1,0,0,0,0,0,0,0,0,0,0,0,0,0,0,142,264,0,0,1,0,0,4,0,0,0,1,8.28546603
1994,Shawshank,2,7,1,0,1,0,0,0,1,1,0,0,1,0,1,1,0,0,0,0,0,0,0,0,0,0,0,0,0,0,0,0,0,0,0,0,0,0,1,0,0,0,0,0,0,0,0,0,0,0,0,0,0,142,185,0,0,0,1,0,3.5,0,0,0,0,9.186845035
1994,Pulp,2,7,1,1,1,0,1,1,1,0,0,0,0,0,1,0,0,0,0,0,0,0,0,0,0,0,0,0,0,0,0,0,0,0,0,0,1,0,1,0,0,0,0,0,0,0,0,0,0,0,0,0,0,154,164,0,0,0,1,0,4,0,1,1,1,8.787009279
1994,Quiz,2,4,1,1,0,0,1,0,1,0,0,0,0,0,0,0,0,0,0,0,0,0,0,0,0,0,0,0,0,0,0,0,0,0,0,0,0,0,1,0,0,0,0,0,0,0,0,0,0,0,0,0,0,133,194,0,0,1,0,0,3.5,1,0,0,0,7.345190628
1994,Weddings,2,2,1,0,0,0,0,0,1,0,0,0,0,0,0,0,0,0,0,0,0,0,0,0,0,0,0,0,0,0,0,0,0,0,0,1,0,0,1,0,0,0,0,0,0,0,0,1,0,0,0,0,0,117,205,0,0,0,1,0,3.5,0,0,0,0,7.079667644
1993,Schindler,1,12,1,1,1,0,1,0,1,1,1,1,1,0,1,1,0,0,0,1,0,0,1,0,0,0,0,0,0,1,0,0,0,0,0,0,0,0,1,0,0,0,0,0,0,0,0,0,0,0,0,1,0,194,96,0,0,0,1,0,4,1,1,1,1,8.781320178
1993,Remains,2,8,1,1,1,1,0,0,1,0,1,1,1,0,0,0,0,0,0,0,0,0,0,0,0,0,0,0,0,0,0,0,0,0,0,0,0,0,1,0,0,0,0,0,0,0,0,1,0,0,0,0,0,134,136,0,1,0,0,0,3.5,0,0,0,0,7.705291741
1993,Piano,2,8,1,1,0,1,0,1,1,1,0,1,0,0,1,0,0,0,0,0,0,0,0,0,0,0,0,0,0,0,0,0,0,0,0,0,0,0,1,0,0,0,0,0,0,0,0,1,0,0,0,0,0,121,129,0,0,0,1,0,4,0,0,0,0,7.350191571
1993,Name,2,7,1,1,1,0,1,1,1,0,0,0,0,0,1,0,0,0,0,0,0,0,0,0,0,0,0,0,0,0,0,0,0,0,0,0,0,0,1,0,0,0,0,0,0,0,0,0,0,0,0,0,0,133,65,0,0,0,1,0,3,0,0,0,0,7.709522303
1993,Fugitive,2,7,1,0,0,0,1,0,0,1,0,0,1,0,1,1,0,0,1,0,0,0,0,0,0,0,0,0,0,0,0,1,0,0,0,0,0,0,0,0,0,0,0,0,0,0,1,0,0,0,1,0,0,130,227,0,0,1,0,0,4,0,0,0,0,7.679489445
1992,Unforgiven,1,9,1,1,1,0,1,0,1,1,1,0,0,0,1,1,0,0,0,0,0,0,0,0,0,0,0,0,0,0,0,0,0,0,0,0,0,0,1,0,0,0,0,0,0,0,0,0,0,0,0,0,1,131,234,0,0,0,1,0,4,0,1,1,0,8.159795472
1992,Howards,2,9,1,1,0,1,0,1,1,1,1,1,1,0,0,0,0,0,0,0,0,0,0,0,0,0,0,0,0,0,0,0,0,0,0,0,0,0,1,0,0,0,0,0,0,0,0,0,0,0,0,0,0,140,381,0,1,0,0,0,4,0,0,0,1,7.204458599
1992,Crying,2,6,1,1,1,0,1,0,1,0,0,0,0,0,1,0,0,0,0,0,0,0,0,0,0,0,0,0,0,1,0,1,0,0,0,0,0,0,1,0,0,0,0,0,0,0,0,1,0,0,0,0,0,112,124,0,0,0,1,0,4,0,0,0,0,7.155035971
1992,Scent,2,4,1,1,1,0,0,0,1,0,0,0,0,0,0,0,0,0,0,0,0,0,1,0,0,0,0,0,0,0,0,0,0,0,0,1,0,0,1,0,0,0,0,0,0,0,0,0,0,0,0,0,0,157,96,0,0,0,1,0,3.5,0,0,0,0,7.461328227
1992,Few,2,4,1,0,0,0,1,0,0,0,0,0,0,0,1,1,0,0,0,0,0,0,0,0,0,0,0,0,0,0,0,0,0,0,0,0,0,0,1,0,0,0,0,0,0,0,0,0,0,0,1,0,0,138,108,0,0,0,1,0,2.5,0,0,0,0,7.472150068
1991,Bugsy,2,10,1,1,1,0,2,0,1,1,1,1,1,0,0,0,0,0,0,0,0,0,1,0,0,0,0,0,0,0,0,0,0,0,0,0,1,0,1,0,0,0,0,0,0,0,0,0,0,0,0,0,0,134,108,0,0,0,1,0,4,0,1,0,0,6.618098288
1991,JFK,2,8,1,1,0,0,1,0,1,1,0,0,1,0,1,1,0,0,0,0,0,0,0,0,0,0,0,0,0,0,0,0,0,0,0,0,1,0,1,0,0,0,0,0,0,0,1,0,0,0,1,0,0,189,101,0,0,0,1,0,4,0,0,0,0,7.859026081
1991,Silence,1,7,1,1,1,1,0,0,1,0,0,0,0,0,1,1,0,0,0,0,0,0,0,0,0,0,0,0,0,1,0,0,0,0,0,0,1,0,0,0,0,0,0,1,0,0,0,0,0,0,1,0,0,118,411,0,0,0,1,0,3.5,1,0,0,1,8.581524422
1991,Prince,2,7,1,0,1,0,0,1,1,1,1,0,1,0,0,0,0,0,0,0,0,0,0,0,0,0,0,0,0,0,0,0,0,0,0,0,0,0,1,0,0,0,0,0,0,0,0,1,0,0,0,0,0,132,96,0,0,0,1,0,3.5,0,0,0,0,6.315802601
1991,Beauty,2,6,1,0,0,0,0,0,0,0,0,0,1,3,0,1,0,0,0,0,0,0,0,1,0,0,0,0,0,0,0,0,0,1,0,0,0,0,0,1,1,0,0,0,0,1,0,1,0,0,0,0,0,84,129,1,0,0,0,0,4,0,0,0,0,7.761953919
1990,Dances,1,12,1,1,1,0,1,1,1,1,1,1,1,0,1,1,0,0,0,0,0,0,1,0,0,0,0,0,0,1,0,0,1,0,0,0,0,0,1,0,0,0,0,0,0,0,0,0,0,0,0,0,1,180,124,0,0,1,0,0,4,0,0,0,1,7.766348982
1990,Godfather3,2,7,1,1,0,0,1,0,0,1,1,0,0,1,1,0,0,0,0,0,0,0,0,0,0,0,0,0,0,0,0,0,0,0,0,0,1,0,1,0,0,0,0,0,0,0,0,0,0,0,0,0,0,162,90,0,0,0,1,0,3.5,0,0,0,0,7.377627535
1990,Goodfellas,2,6,1,1,0,0,1,1,1,0,0,0,0,0,1,0,0,0,0,0,0,0,0,0,0,0,0,0,0,0,0,0,0,0,0,0,1,0,1,0,0,0,0,0,0,0,0,0,0,0,0,0,0,145,187,0,0,0,1,0,4,1,1,1,0,8.676631104
1990,Ghost,2,5,1,0,0,0,0,1,1,0,0,0,1,0,1,0,0,0,0,0,0,0,0,0,0,0,0,0,0,0,0,0,0,0,0,0,0,0,1,0,1,0,0,0,0,0,0,1,0,0,1,0,0,128,255,0,0,1,0,0,2.5,0,0,0,0,6.795481247
1990,Awakenings,2,3,1,0,1,0,0,0,1,0,0,0,0,0,0,0,0,0,0,0,0,0,0,0,0,0,0,0,0,0,0,0,0,0,0,0,0,0,1,0,0,0,0,0,0,0,0,0,0,0,0,0,0,121,95,0,0,1,0,0,4,0,0,0,0,7.349715422
1989,Driving,1,9,1,0,1,1,1,0,1,0,1,1,0,0,1,0,0,0,0,1,0,0,0,1,0,0,0,0,0,1,0,0,0,0,0,1,0,0,1,0,0,0,0,0,0,0,0,0,0,0,0,0,0,99,59,0,1,0,0,0,4,0,0,0,1,7.333547539
1989,Born,2,8,1,1,1,0,0,0,1,1,0,0,1,0,1,1,0,0,0,0,0,0,1,0,0,0,0,0,0,0,0,0,0,0,0,0,0,0,1,0,0,0,0,0,0,0,0,0,0,0,0,1,0,145,96,0,0,0,1,0,4,0,0,0,0,6.979184458
1989,Left,2,5,1,1,1,0,0,1,1,0,0,0,0,0,0,0,0,0,0,0,0,0,0,0,0,0,0,0,0,0,0,0,0,0,0,0,0,0,1,0,0,0,0,0,0,0,0,0,0,0,0,0,0,98,136,0,0,0,1,0,4,1,0,0,0,7.459222717
1989,Poets,2,4,1,1,1,0,0,0,1,0,0,0,0,0,0,0,0,0,0,0,0,0,0,0,0,0,0,0,0,0,0,0,0,0,0,0,0,0,1,0,0,0,0,0,0,0,0,0,0,0,0,0,0,128,297,0,1,0,0,0,2,0,0,0,0,7.678029035
1989,Field,2,3,1,0,0,0,0,0,1,0,0,0,1,0,0,0,0,0,0,0,0,0,0,0,0,0,0,0,0,0,0,0,0,0,0,0,0,0,1,0,1,0,0,0,0,0,0,0,0,0,0,0,0,107,339,0,1,0,0,0,4,0,0,0,0,7.560274345
1988,Rain,1,8,1,1,1,0,0,0,1,1,1,0,1,0,1,0,0,0,0,0,0,0,1,0,0,0,0,0,0,1,0,0,0,0,0,1,0,0,1,0,0,0,0,0,0,0,0,0,0,0,0,0,0,133,103,0,0,0,1,0,3.5,0,0,0,0,7.874930496
1988,Mississippi,2,7,1,1,1,0,0,1,0,1,0,0,0,0,1,1,0,0,0,0,0,0,0,0,0,0,0,0,0,0,0,0,0,0,0,0,1,0,1,0,0,0,0,0,0,0,0,0,0,0,1,0,0,128,110,0,0,0,1,0,4,0,0,0,1,7.512510282
1988,Dangerous,2,7,1,0,0,1,0,1,1,0,1,1,1,0,0,0,0,0,0,0,0,0,0,0,0,0,0,0,0,0,0,0,0,0,0,0,0,0,1,0,0,0,0,0,0,0,0,1,0,0,0,0,0,119,98,0,0,0,1,0,3,0,0,0,0,7.535533638
1988,Working,2,6,1,1,0,1,0,2,0,0,0,0,0,1,0,0,0,0,0,0,0,0,0,1,0,0,0,0,0,0,0,0,0,0,0,1,0,0,0,0,0,0,0,0,0,0,0,1,0,0,0,0,0,114,98,0,0,0,1,0,4,0,0,0,0,6.519693986
1988,Accidental,2,4,1,0,0,0,0,1,1,0,0,0,1,0,0,0,0,0,0,0,0,0,0,0,0,0,0,0,0,0,0,0,0,0,0,0,0,0,1,0,0,0,0,0,0,0,0,1,0,0,0,0,0,121,96,0,1,0,0,0,4,1,0,0,0,6.619596021
1987,Emperor,1,9,1,1,0,0,0,0,1,1,1,1,1,0,1,1,0,0,0,0,0,0,1,0,0,0,0,0,0,1,0,0,0,0,0,0,0,0,1,0,0,0,0,0,0,0,0,0,0,0,0,0,0,160,115,0,0,1,0,0,4,0,0,0,0,7.704723832
1987,Broadcast,2,7,1,0,1,1,1,0,1,1,0,0,0,0,1,0,0,0,0,0,0,0,0,0,0,0,0,0,0,0,0,0,0,0,0,1,0,0,1,0,0,0,0,0,0,0,0,1,0,0,0,0,0,133,117,0,0,0,1,0,4,1,0,0,0,6.950980392
1987,Moonstruck,2,6,1,1,0,1,1,1,1,0,0,0,0,0,0,0,0,0,0,0,0,0,0,0,0,0,0,0,0,0,0,0,0,0,0,1,0,0,0,0,0,0,0,0,0,0,0,1,0,0,0,0,0,102,115,0,1,0,0,0,4,0,0,0,0,6.963266459
1987,Fatal,2,6,1,1,0,1,0,1,1,0,0,0,0,0,1,0,0,0,0,0,0,0,0,0,0,0,0,0,0,0,0,0,0,0,0,0,0,0,1,0,0,0,0,1,0,0,0,0,0,0,1,0,0,123,206,0,0,0,1,0,2.5,0,0,0,0,6.7
1987,Hope,2,5,1,1,0,0,0,0,1,1,1,0,0,0,0,0,0,0,0,0,0,0,0,1,0,0,0,0,0,0,0,0,0,0,0,1,0,0,1,0,0,0,0,0,0,0,0,0,0,0,0,1,0,113,148,0,0,1,0,0,3,0,1,0,0,7.198628015
1986,Room,2,8,1,1,0,0,1,1,1,1,1,1,0,0,0,0,0,0,0,0,0,0,0,0,0,0,0,0,0,0,0,0,0,0,0,1,0,0,1,0,0,0,0,0,0,0,0,1,0,0,0,0,0,117,349,0,0,0,0,1,4,0,0,0,1,7.392026578
1986,Platoon,1,8,1,1,0,0,2,0,1,1,0,0,0,0,1,1,0,0,0,0,0,0,1,0,0,0,0,0,0,1,0,1,0,0,0,0,0,0,1,0,0,0,0,0,0,0,0,0,0,0,0,1,0,120,96,0,0,0,1,0,4,0,0,0,0,8.067638691
1986,Mission,2,7,1,1,0,0,0,0,0,1,1,1,1,0,1,0,0,0,0,0,0,0,0,0,0,0,0,0,0,0,0,0,0,0,0,0,0,0,1,0,0,0,0,0,0,0,0,0,0,0,0,0,0,126,150,0,1,0,0,0,2.5,0,0,0,0,7.234864301
1986,Hannah,2,7,1,1,0,0,1,1,1,0,1,0,0,0,1,0,0,0,0,0,0,0,0,1,0,0,0,0,0,0,0,0,0,0,0,1,0,0,1,0,0,0,0,0,0,0,0,1,0,0,0,0,0,103,416,0,0,1,0,0,4,1,1,0,0,7.684584342
1986,Children,2,5,1,0,1,1,0,1,1,0,0,0,0,0,0,0,0,0,0,0,0,0,0,0,0,0,0,0,0,0,0,0,0,0,0,0,0,0,1,0,0,0,0,0,0,0,0,0,0,0,0,0,0,119,178,0,0,0,1,0,3,0,0,0,0,6.924257137
1985,Color,2,11,1,0,0,1,0,2,1,1,1,1,1,1,0,0,0,0,0,1,0,0,0,0,0,0,0,0,0,1,0,0,0,0,0,0,0,0,1,0,0,0,0,0,0,0,0,0,0,0,0,0,0,154,96,0,0,1,0,0,4,0,0,0,1,7.531430581
1985,Africa,1,11,1,1,0,1,1,0,1,1,1,1,1,0,1,1,0,0,0,0,0,0,1,0,0,0,0,0,0,0,0,0,0,0,0,0,0,0,1,0,0,0,0,0,0,0,0,1,0,0,0,0,0,150,96,0,1,0,0,0,4,0,0,0,0,6.788800827
1985,Witness,2,8,1,1,1,0,0,0,1,1,1,0,1,0,1,0,0,0,0,0,0,0,0,0,0,0,0,0,0,0,0,0,0,0,0,0,0,0,1,0,0,0,0,0,0,0,0,1,0,0,1,0,0,112,409,0,0,0,1,0,4,0,0,0,0,7.449186495
1985,Prizzi,2,8,1,1,1,0,1,1,1,0,0,1,0,0,1,0,0,0,0,0,0,0,0,1,0,0,0,0,0,0,0,0,0,0,0,1,1,0,1,0,0,0,0,0,0,0,0,1,0,0,0,0,0,130,283,0,0,0,1,0,3.5,1,0,0,0,6.782774612
1985,Kiss,2,4,1,1,1,0,0,0,1,0,0,0,0,0,0,0,0,0,0,0,0,0,0,0,0,0,0,0,0,0,0,0,0,0,0,0,0,0,1,0,0,0,0,0,0,0,0,0,0,0,0,0,0,120,221,0,0,0,1,0,3.5,0,0,0,0,7.261795694
1984,Passage,2,11,1,1,0,1,0,1,1,1,1,1,1,0,1,1,0,0,0,0,0,0,0,0,0,0,0,0,0,0,0,0,0,0,0,0,0,0,1,0,0,0,0,0,0,0,0,0,0,0,0,0,0,163,59,0,1,0,0,0,4,1,0,0,1,7.129172142
1984,Amadeus,1,11,1,1,2,0,0,0,1,1,1,1,0,0,1,1,0,0,0,1,0,0,1,0,0,0,0,0,0,1,0,0,0,0,0,0,0,0,1,0,0,0,0,0,1,0,0,0,0,0,0,0,0,160,187,0,1,0,0,0,4,0,1,0,0,8.26200358
1984,Places,2,7,1,1,0,1,1,1,1,0,0,1,0,0,0,0,0,0,0,0,0,0,0,0,0,0,0,0,0,0,0,0,0,0,0,0,0,0,1,0,0,0,0,0,0,0,0,0,0,0,0,0,0,112,185,0,1,0,0,0,3,0,0,0,0,7.076119403
1984,Killing,2,7,1,1,1,0,1,0,1,1,0,0,0,0,1,0,0,0,0,0,0,0,0,0,0,0,0,0,0,0,0,0,0,0,0,0,0,0,1,0,0,0,0,0,0,0,0,0,0,0,0,1,0,141,143,0,0,0,1,0,4,0,0,0,0,7.887355862
1984,Soldier,2,3,1,0,0,0,1,0,1,0,0,0,0,0,0,0,0,0,0,0,0,0,0,0,0,0,0,0,0,0,0,0,0,0,0,0,0,0,1,0,0,0,0,0,0,0,1,0,0,0,0,0,0,98,192,0,1,0,0,0,2.5,0,0,0,0,6.99338843
1983,Terms,1,11,1,1,0,2,2,0,1,0,1,0,1,0,1,1,0,0,0,0,0,0,1,0,0,0,0,0,0,1,0,0,0,0,0,1,0,0,1,0,0,0,0,0,0,0,0,1,0,0,0,0,0,132,138,0,1,0,0,0,0,1,1,0,1,7.135827821
1983,Stuff,2,8,1,0,0,0,1,0,0,1,1,0,1,0,1,1,0,0,1,0,0,0,0,0,0,0,0,0,0,0,0,0,1,0,0,0,0,0,1,0,0,0,0,0,0,0,0,0,0,0,0,0,0,193,213,0,1,0,0,0,0,0,0,0,0,7.720294298
1983,Tender,2,5,1,1,1,0,0,0,1,0,0,0,0,1,0,0,0,0,0,0,0,0,0,0,0,0,0,0,0,0,0,0,0,0,0,0,0,0,1,0,0,0,0,0,0,0,0,0,0,0,0,0,0,92,402,0,1,0,0,0,0,0,0,0,0,7.143806306
1983,Dresser,2,5,1,1,2,0,0,0,1,0,0,0,0,0,0,0,0,0,0,0,0,0,0,0,0,0,0,0,0,0,0,0,0,0,0,0,0,0,1,0,0,0,0,0,0,0,0,0,0,0,0,0,0,118,125,0,1,0,0,0,0,0,0,0,0,7.111764706
1983,Chill,2,3,1,0,0,0,0,1,1,0,0,0,0,0,0,0,0,0,0,0,0,0,0,0,0,0,0,0,0,0,0,0,0,0,0,1,0,0,1,0,0,0,0,0,0,0,0,0,0,0,0,0,0,105,192,0,0,0,1,0,0,0,0,0,0,6.960764588
1982,Gandhi,1,11,1,1,1,0,0,0,1,1,1,1,1,0,1,1,0,0,0,1,0,0,0,0,0,0,0,0,0,1,0,0,0,0,0,0,0,0,1,0,0,0,0,0,0,0,0,0,0,0,0,0,0,188,124,0,1,0,0,0,4,1,0,0,1,8.029171856
1982,Tootsie,2,10,1,1,1,0,0,2,1,1,0,0,0,1,1,1,0,0,0,0,0,0,0,1,0,0,0,0,0,0,0,0,0,0,0,1,0,0,0,0,0,0,0,0,0,0,0,1,0,0,0,0,0,119,115,0,1,0,0,0,4,0,0,1,0,7.354760129
1982,ET,2,9,1,1,0,0,0,0,1,1,0,0,1,0,1,1,0,0,2,0,0,0,1,0,0,0,0,0,0,0,0,0,1,0,0,0,0,0,0,1,1,0,0,0,0,0,0,0,1,0,0,0,0,115,304,0,1,0,0,0,4,0,1,0,0,7.777279588
1982,Verdict,2,5,1,1,1,0,1,0,1,0,0,0,0,0,0,0,0,0,0,0,0,0,0,0,0,0,0,0,0,0,0,0,0,0,0,0,0,0,1,0,0,0,0,0,0,0,0,0,0,0,0,0,0,129,124,0,0,0,1,0,4,0,0,0,0,7.426948676
1982,Missing,2,4,1,0,1,1,0,0,1,0,0,0,0,0,0,0,0,0,0,0,0,0,0,0,0,0,0,0,0,0,0,0,0,0,0,0,0,0,1,0,0,0,0,0,0,0,1,0,0,0,1,0,0,122,423,0,1,0,0,0,3,0,0,0,0,7.320296438
1981,Reds,2,12,1,1,1,1,1,1,1,1,1,1,0,0,1,1,0,0,0,0,0,0,0,0,0,0,0,0,0,1,0,0,0,0,0,0,0,0,1,0,0,0,0,0,0,0,0,0,0,0,0,0,0,194,115,0,1,0,0,0,3.5,1,0,0,1,7.074298975
1981,Golden,2,10,1,1,1,1,0,1,1,1,0,0,1,0,1,1,0,0,0,0,0,0,1,0,0,0,0,0,0,0,0,0,0,0,0,0,0,0,1,0,0,0,0,0,0,0,0,0,0,0,0,0,0,109,66,0,1,0,0,0,4,0,0,0,0,7.287931034
1981,Raiders,2,9,1,1,0,0,0,0,0,1,1,0,1,0,1,1,0,0,2,0,0,0,0,0,0,0,0,0,0,0,0,1,1,0,0,0,0,0,0,0,0,0,0,0,0,0,0,0,0,0,0,0,0,115,290,0,1,0,0,0,4,0,0,0,0,8.680531053
1981,Chariots,1,7,1,1,0,0,1,0,1,0,0,1,1,0,1,0,0,0,0,0,0,0,0,0,0,0,0,0,0,0,0,0,0,0,0,0,0,0,1,0,0,0,0,0,0,0,0,0,0,0,0,0,0,123,171,0,1,0,0,0,4,0,0,0,1,7.227136852
1981,Atlantic,2,5,1,1,1,1,0,0,1,0,0,0,0,0,0,0,0,0,0,0,0,0,0,0,0,0,0,0,0,0,0,0,0,0,0,0,1,0,1,0,0,0,0,0,0,0,0,1,0,0,0,0,0,104,360,0,0,0,1,0,4,0,1,1,0,7.203963809
1980,Raging,2,8,1,1,1,0,1,1,0,1,0,0,0,0,1,1,0,0,0,0,0,0,0,0,0,0,0,0,0,0,0,0,0,0,0,0,0,0,1,0,0,0,0,0,0,0,0,0,0,0,0,0,0,129,102,0,0,0,1,0,4,0,1,0,0,8.351276511
1980,Elephant,2,8,1,1,1,0,0,0,1,0,1,1,1,0,1,0,0,0,0,0,0,0,0,0,0,0,0,0,0,0,0,0,0,0,0,0,0,0,1,0,0,0,0,0,0,0,0,0,0,0,0,0,0,124,172,0,1,0,0,0,2,0,0,0,0,8.225698364
1980,Coal,2,7,1,0,0,1,0,0,1,1,1,0,0,0,1,1,0,0,0,0,0,0,0,1,0,0,0,0,0,0,0,0,0,0,0,0,0,0,1,0,0,0,0,0,1,0,0,0,0,0,0,0,0,125,403,0,1,0,0,0,3,0,0,0,0,7.133653231
1980,Tess,2,6,1,1,0,0,0,0,0,1,1,1,1,0,0,0,0,0,0,0,0,0,0,0,0,0,0,0,0,0,0,0,0,0,0,0,0,0,1,0,0,0,0,0,0,0,0,1,0,0,0,0,0,190,109,0,1,0,0,0,4,0,0,0,0,6.96408782
1980,Ordinary,1,6,1,1,0,1,2,0,1,0,0,0,0,0,0,0,0,0,0,0,0,0,1,0,0,0,0,0,0,1,0,0,0,0,0,0,0,0,1,0,0,0,0,0,0,0,0,0,0,0,0,0,0,124,186,0,0,0,1,0,4,1,0,0,1,7.581278539
1979,Kramer,1,9,1,1,1,0,1,2,1,1,0,0,0,0,1,0,0,0,0,0,0,0,1,0,0,0,0,0,0,1,0,0,0,0,0,0,0,0,1,0,0,0,0,0,0,0,0,0,0,0,0,0,0,105,119,0,1,0,0,0,0,1,1,0,0,7.509442724
1979,Jazz,2,9,1,1,1,0,0,0,1,1,1,1,1,0,1,0,0,0,0,0,0,0,0,0,0,0,0,0,0,0,0,0,0,0,0,0,0,0,1,0,1,0,0,0,0,1,0,0,0,0,0,0,0,123,116,0,0,0,1,0,0,0,0,0,0,7.269795393
1979,Apocalypse,2,8,1,1,0,0,1,0,1,1,1,0,0,0,1,1,0,0,0,0,0,0,0,0,0,0,0,0,0,0,0,1,1,0,0,0,0,0,1,0,0,0,0,0,0,0,0,0,0,0,0,1,0,153,243,0,0,0,1,0,0,0,0,0,0,8.475987686
1979,Breaking,2,5,1,1,0,0,0,1,1,0,0,0,1,0,0,0,0,0,0,0,0,0,0,1,0,0,0,0,0,0,0,0,0,0,0,1,0,0,1,0,0,0,0,0,0,0,0,0,0,1,0,0,0,100,276,0,1,0,0,0,0,0,0,1,0,7.433380803
1979,Norma,2,4,1,0,0,1,0,0,1,0,0,0,0,1,0,0,0,0,0,0,0,0,0,0,0,0,0,0,0,0,0,0,0,0,0,0,0,0,1,0,0,0,0,0,0,0,0,0,0,0,0,0,0,110,409,0,1,0,0,0,0,0,0,0,0,7.014867559
1978,Heaven,2,9,1,1,1,0,1,1,1,1,1,0,1,0,0,0,0,0,0,0,0,0,0,1,0,0,0,0,0,0,0,0,0,0,0,1,0,0,0,0,1,0,0,0,0,0,0,0,0,1,0,0,0,101,285,0,1,0,0,0,0,0,0,0,1,6.7
1978,Deer,1,9,1,1,1,0,1,1,1,1,0,0,0,0,1,1,0,0,0,0,0,0,0,0,0,0,0,0,0,1,0,0,0,0,0,0,0,0,1,0,0,0,0,0,0,0,0,0,0,0,0,1,0,182,122,0,0,0,1,0,0,1,0,0,0,8.060100844
1978,Coming,2,8,1,1,1,1,1,1,1,0,0,0,0,0,1,0,0,0,0,0,0,0,0,0,0,0,0,0,0,0,0,0,0,0,0,0,0,0,1,0,0,0,0,0,0,0,0,0,0,0,0,1,0,126,418,0,0,0,1,0,0,0,1,0,0,7.027311371
1978,Midnight,2,6,1,1,0,0,1,0,1,0,0,0,1,0,1,0,0,0,0,0,0,0,1,0,0,0,0,0,0,0,0,0,0,0,1,0,1,0,1,0,0,0,0,0,0,0,0,0,0,0,1,0,0,121,185,0,0,0,1,0,0,0,0,0,0,7.42310536
1978,Unmarried,2,3,1,0,0,1,0,0,1,0,0,0,0,0,0,0,0,0,0,0,0,0,0,0,0,0,0,0,0,0,0,0,0,0,0,1,0,0,1,0,0,0,0,0,0,0,0,0,0,0,0,0,0,124,400,0,0,0,1,0,0,0,0,0,0,6.851196172
1977,Turning,2,11,1,1,0,2,1,1,1,1,1,0,0,0,1,1,0,0,0,0,0,0,1,0,0,0,0,0,0,0,0,0,0,0,0,0,0,0,1,0,0,0,0,0,0,0,0,1,0,0,0,0,0,119,140,0,1,0,0,0,0,0,0,0,1,6.773602333
1977,Star,2,11,1,1,0,0,1,0,1,0,1,1,1,0,1,1,0,0,2,0,0,0,0,0,0,0,0,0,0,0,0,1,1,0,0,0,0,0,0,1,1,0,0,0,0,0,0,0,1,0,0,0,0,121,313,0,1,0,0,0,0,0,1,0,0,8.785833415
1977,Julia,2,11,1,1,0,1,2,1,1,1,0,1,1,0,1,0,0,0,0,0,0,0,0,0,0,0,0,0,0,0,0,0,0,0,0,0,0,0,1,0,0,0,0,0,0,0,0,0,0,0,0,0,0,118,183,0,1,0,0,0,0,0,0,0,0,7.032510288
1977,Goodbye,2,5,1,0,1,1,0,1,1,0,0,0,0,0,0,0,0,0,0,0,0,0,0,1,0,0,0,0,0,0,0,0,0,0,0,1,0,0,0,0,0,0,0,0,0,0,0,1,0,0,0,0,0,110,124,0,1,0,0,0,0,0,0,0,0,6.91026231
1977,Annie,1,5,1,1,1,1,0,0,1,0,0,0,0,0,0,0,0,0,0,0,0,0,0,0,0,0,0,0,0,1,0,0,0,0,0,1,0,0,0,0,0,0,0,0,0,0,0,1,0,0,0,0,0,93,348,0,1,0,0,0,0,1,0,1,0,8.143262824
1976,Rocky,1,10,1,1,1,1,2,0,1,0,0,0,0,1,1,1,0,0,0,0,0,0,1,0,0,0,0,0,0,1,0,1,0,0,0,0,0,0,1,0,0,0,0,0,0,0,0,1,0,1,0,0,0,119,117,0,1,0,0,0,0,0,1,0,0,7.861817114
1976,Network,2,10,1,1,2,1,1,1,1,1,0,0,0,0,1,0,0,0,0,0,0,0,0,0,0,0,0,0,0,0,0,0,0,0,0,0,0,0,1,0,0,0,0,0,0,0,0,0,0,0,0,0,0,121,121,0,0,0,1,0,0,0,1,0,0,7.894103641
1976,President,2,8,1,1,0,0,1,1,1,0,1,0,0,0,1,1,0,0,0,0,0,0,0,0,0,0,0,0,0,0,0,0,0,0,0,0,0,0,1,0,0,0,1,0,0,0,0,0,0,0,1,0,0,138,355,0,1,0,0,0,0,1,0,1,1,7.824480806
1976,Bound,2,6,1,0,0,0,0,0,1,1,0,1,1,0,1,0,0,0,0,0,0,0,0,0,0,0,0,0,0,0,0,0,0,0,1,0,0,0,1,0,0,0,0,0,1,0,0,0,0,0,0,0,0,147,113,0,1,0,0,0,0,0,0,0,0,6.848062016
1976,Taxi,2,4,1,0,1,0,0,1,0,0,0,0,1,0,0,0,0,0,0,0,0,0,0,0,0,0,0,0,0,0,0,0,0,0,0,0,1,0,1,0,0,0,0,0,0,0,0,0,0,0,1,0,0,113,414,0,0,0,1,0,0,0,0,0,0,8.469506633
1975,Cuckoo,1,9,1,1,1,1,1,0,1,1,0,0,1,0,1,0,0,0,0,0,0,0,1,0,0,0,0,0,0,1,0,0,0,0,0,1,0,0,1,0,0,0,0,0,0,0,0,0,0,0,0,0,0,133,131,0,0,0,1,0,3,0,1,0,0,8.774475008
1975,Lyndon,2,7,1,1,0,0,0,0,1,1,1,1,1,0,0,0,0,0,0,0,0,0,0,0,0,0,0,0,0,0,0,0,0,0,0,0,0,0,1,0,0,0,0,0,0,0,0,1,0,0,0,1,0,184,102,0,1,0,0,0,3.5,0,0,0,1,7.919535304
1975,Dog,2,6,1,1,1,0,1,0,1,0,0,0,0,0,1,0,0,0,0,0,0,0,0,0,0,0,0,0,0,0,0,0,0,0,0,0,1,0,1,0,0,0,0,0,0,0,0,0,0,0,1,0,0,124,190,0,0,0,1,0,3.5,0,1,0,0,8.032382226
1975,Nashville,2,5,1,1,0,0,0,2,0,0,0,0,0,1,0,0,0,0,0,0,0,0,0,0,0,0,0,0,0,0,0,0,0,0,0,0,0,0,1,0,0,0,0,0,1,0,0,0,0,0,0,0,0,159,292,0,0,0,1,0,4,1,0,1,1,7.428947368
1975,Jaws,2,4,1,0,0,0,0,0,0,0,0,0,1,0,1,1,0,0,0,0,0,0,0,0,0,0,0,0,0,0,0,0,1,0,0,0,0,0,0,0,0,0,0,1,0,0,0,0,0,0,1,0,0,124,283,0,1,0,0,0,4,0,0,0,0,8.271496697
1974,Godfather2,1,11,1,1,1,0,3,1,1,0,1,1,1,0,0,0,0,0,0,0,0,0,0,0,0,0,0,0,0,1,0,0,0,0,0,0,1,0,1,0,0,0,0,0,0,0,0,0,0,0,0,0,0,200,117,0,0,0,1,0,0,0,0,0,0,8.974523053
1974,Chinatown,2,11,1,1,1,1,0,0,1,1,1,1,1,0,1,1,0,0,0,0,0,0,1,0,0,0,0,0,0,0,0,0,0,0,0,0,1,0,0,0,0,0,0,0,0,0,1,0,0,0,1,0,0,131,292,0,0,0,1,0,0,0,0,0,0,8.443069849
1974,Inferno,2,8,1,0,0,0,1,0,0,1,1,0,1,1,1,1,0,0,0,0,0,0,0,0,0,0,0,0,0,0,0,1,0,0,0,0,0,0,1,0,0,0,0,0,0,0,0,0,0,0,1,0,0,165,119,0,1,0,0,0,0,0,0,0,0,6.61414889
1974,Lenny,2,6,1,1,1,1,0,0,1,1,0,0,0,0,0,0,0,0,0,0,0,0,0,0,0,0,0,0,0,0,0,0,0,0,1,0,0,0,1,0,0,0,0,0,0,0,0,0,0,0,0,0,0,111,149,0,0,0,1,0,0,0,0,0,0,7.266239604
1974,Conversation,2,3,1,0,0,0,0,0,1,0,0,0,0,0,0,1,0,0,0,0,0,0,0,0,0,0,0,0,0,0,0,0,0,0,0,0,1,0,1,0,0,0,0,0,0,0,1,1,0,0,1,0,0,113,366,0,1,0,0,0,0,0,0,0,1,7.995672112
1973,Sting,1,10,1,1,1,0,0,0,1,1,1,1,1,0,1,1,0,0,0,0,0,0,0,0,0,0,0,0,0,1,0,0,0,0,0,1,1,0,1,0,0,0,0,0,0,0,0,0,0,0,0,0,0,129,98,0,1,0,0,0,4,0,0,0,1,8.242888523
1973,Exorcist,2,10,1,1,0,1,1,1,1,1,1,0,0,0,1,1,0,0,0,0,0,0,1,0,0,0,0,0,0,0,0,0,0,0,0,0,0,0,1,0,0,0,0,1,0,0,0,0,0,0,1,0,0,122,97,0,0,0,1,0,4,0,0,0,0,7.968441888
1973,Touch,2,5,1,0,0,1,0,0,1,0,0,0,1,1,0,0,0,0,0,0,0,0,0,0,0,0,0,0,0,0,0,0,0,0,0,1,0,0,0,0,0,0,0,0,0,0,0,0,0,0,0,0,0,106,286,0,1,0,0,0,3,0,0,0,0,6.613581599
1973,Graffiti,2,5,1,1,0,0,0,1,1,0,0,0,0,0,1,0,0,0,0,0,0,0,0,1,0,0,0,0,0,0,0,0,0,0,0,1,0,0,1,0,0,0,0,0,0,0,0,0,0,0,0,0,0,110,244,0,1,0,0,0,4,0,0,0,0,7.446663931
1973,Cries,2,5,1,1,0,0,0,0,1,1,0,1,0,0,0,0,0,0,0,0,0,0,0,0,0,0,0,0,0,0,0,0,0,0,0,0,0,0,1,0,0,0,0,0,0,0,0,0,0,0,0,0,0,106,467,0,0,0,1,0,4,1,0,0,0,7.734317862
1972,Godfather,1,10,1,1,1,0,3,0,1,0,0,1,0,0,1,1,0,0,0,0,0,0,1,0,0,0,0,0,0,1,0,0,0,0,0,0,1,0,1,0,0,0,0,0,0,0,0,0,0,0,0,0,0,175,377,0,0,0,1,0,4,0,0,0,0,9.084886284
1972,Cabaret,2,10,1,1,0,1,1,0,1,1,1,0,1,0,1,1,0,0,0,0,0,0,0,1,0,0,0,0,0,0,0,0,0,0,0,0,0,0,1,0,0,0,0,0,0,1,0,0,0,0,0,0,0,124,408,0,1,0,0,0,3.5,0,0,0,1,7.499777283
1972,Sounder,2,4,1,0,1,1,0,0,1,0,0,0,0,0,0,0,0,0,0,0,0,0,0,0,0,0,0,0,0,0,0,0,0,0,0,0,0,0,1,0,0,0,0,0,0,0,0,0,0,0,0,0,0,105,184,1,0,0,0,0,4,0,0,0,0,7.067418033
1972,Emigrants,2,4,1,1,0,1,0,0,1,0,0,0,0,0,0,0,0,0,0,0,0,0,0,0,0,0,0,0,0,0,0,0,0,0,0,0,0,0,1,0,0,0,0,0,0,0,0,0,0,0,0,0,0,151,184,0,1,0,0,0,4,0,0,0,0,7.181272085
1972,Deliverance,2,3,1,1,0,0,0,0,0,0,0,0,0,0,1,0,0,0,0,0,0,0,0,0,0,0,0,0,0,0,0,0,1,0,0,0,0,0,1,0,0,0,0,0,0,0,0,0,0,0,1,0,0,109,240,0,0,0,1,0,2.5,0,0,0,0,7.82931261
1971,Picture,2,8,1,1,0,0,2,2,1,1,0,0,0,0,0,0,0,0,0,0,0,0,0,0,0,0,0,0,0,0,0,0,0,0,0,0,0,0,1,0,0,0,0,0,0,0,0,0,0,0,0,0,0,118,190,0,0,0,1,0,4,0,0,0,0,7.730582103
1971,French,1,8,1,1,1,0,1,0,1,1,0,0,0,0,1,1,0,0,0,0,0,0,1,0,0,0,0,0,0,1,0,1,0,0,0,0,1,0,1,0,0,0,0,0,0,0,0,0,0,0,1,0,0,104,186,0,0,0,1,0,4,0,0,0,0,7.818234708
1971,Fiddler,2,8,1,1,1,0,1,0,0,1,1,0,1,0,0,1,0,0,0,0,0,0,0,1,0,0,0,0,0,0,0,0,0,0,0,0,0,0,1,1,0,0,0,0,0,1,0,0,0,0,0,0,0,181,159,1,0,0,0,0,3,0,0,0,0,7.481085476
1971,Nicholas,2,6,1,0,0,1,0,0,0,1,1,1,1,0,0,0,0,0,0,0,0,0,0,0,0,0,0,0,0,0,0,0,0,0,0,0,0,0,1,0,0,0,1,0,0,0,0,0,0,0,0,0,0,183,119,0,1,0,0,0,2.5,0,0,0,0,6.8104035
1971,Clockwork,2,4,1,1,0,0,0,0,1,0,0,0,0,0,1,0,0,0,0,0,0,0,0,0,0,0,0,0,0,0,0,0,0,0,0,0,1,0,1,0,0,0,0,0,0,0,0,0,0,0,1,0,0,136,113,0,0,0,1,0,2,1,0,0,0,8.378014982
1970,Patton,1,10,1,1,1,0,0,0,1,1,1,0,1,0,1,1,0,0,1,0,0,0,0,0,0,0,0,0,0,1,0,0,0,0,1,0,0,0,1,0,0,0,0,0,0,0,0,0,0,0,0,1,0,170,435,0,1,0,0,0,4,0,0,0,1,8.020213932
1970,Airport,2,10,1,0,0,0,0,2,1,1,1,1,1,0,1,1,0,0,0,0,0,0,0,0,0,0,0,0,0,0,0,0,0,0,0,0,0,0,1,0,0,0,0,0,0,0,0,0,0,0,1,0,0,137,406,1,0,0,0,0,2,0,0,0,0,6.470511662
1970,Love,2,7,1,1,1,1,1,0,1,0,0,0,1,0,0,0,0,0,0,0,0,0,1,0,0,0,0,0,0,0,0,0,0,0,0,0,0,0,1,0,0,0,0,0,0,0,0,1,0,0,0,0,0,99,120,0,1,0,0,0,4,0,0,0,0,6.463850688
1970,Mash,2,5,1,1,0,0,0,1,1,0,0,0,0,0,1,0,0,0,0,0,0,0,0,1,0,0,0,0,0,0,0,0,0,0,0,1,0,0,1,0,0,0,0,0,0,0,0,0,0,0,0,1,0,116,445,0,0,0,1,0,4,0,0,1,0,7.73182685
1970,Five,2,4,1,0,1,0,0,1,1,0,0,0,0,0,0,0,0,0,0,0,0,0,0,0,0,0,0,0,0,0,0,0,0,0,0,0,0,0,1,0,0,0,0,0,1,0,0,0,0,0,0,0,0,96,216,0,0,0,1,0,4,1,0,0,0,7.278941067
1969,Anne,2,10,1,0,1,1,1,0,1,1,1,1,1,0,0,1,0,0,0,0,0,0,1,0,0,0,0,0,0,0,0,0,0,0,0,0,0,0,1,0,0,0,1,0,0,0,0,0,0,0,0,0,0,145,110,0,0,1,0,0,0,0,0,0,0,7.040458317
1969,Midnight,1,7,1,1,2,0,0,1,1,0,0,0,0,0,1,0,0,0,0,0,0,0,0,0,0,0,0,0,0,1,0,0,0,0,0,0,0,0,1,0,0,0,0,0,0,0,0,0,0,0,0,0,0,113,317,0,0,0,1,0,0,0,0,0,0,7.824264492
1969,Hello,2,7,1,0,0,0,0,0,0,1,1,1,1,0,1,1,0,0,0,0,0,0,0,0,0,0,0,0,0,0,0,0,0,0,0,1,0,0,0,1,0,0,0,0,0,1,0,1,0,0,0,0,0,146,112,1,0,0,0,0,0,0,0,0,0,6.508938547
1969,Butch,2,7,1,1,0,0,0,0,1,1,0,0,1,1,0,1,0,0,0,0,0,0,0,0,0,0,0,0,0,0,0,0,1,0,1,0,1,0,0,0,0,0,0,0,0,0,0,0,0,0,0,0,1,110,195,0,1,0,0,0,0,0,0,0,0,8.042443313
1969,Z,2,5,1,1,0,0,0,0,1,0,0,0,0,0,1,0,1,0,0,0,0,0,0,0,0,0,0,0,0,0,0,0,0,0,0,0,0,0,1,0,0,0,1,0,0,0,1,0,0,0,1,0,0,127,120,0,1,0,0,0,0,1,0,1,0,7.850224215
1968,Oliver,1,12,1,1,1,0,1,0,1,1,1,1,1,0,1,1,0,0,0,0,1,0,0,0,0,0,0,0,0,0,0,0,0,0,0,0,1,0,1,1,0,0,0,0,0,1,0,0,0,0,0,0,0,153,125,1,0,0,0,0,0,0,0,0,0,7.335962145
1968,Funny,2,8,1,0,0,1,0,1,0,1,0,0,1,1,1,1,0,0,0,0,0,0,0,1,0,0,0,0,0,0,0,0,0,0,1,0,0,0,1,0,0,0,0,0,0,1,0,1,0,0,0,0,0,151,208,1,0,0,0,0,0,0,0,0,0,6.973663751
1968,Lion,2,7,1,1,1,1,0,0,1,0,0,1,1,0,0,0,0,0,0,0,0,0,1,0,0,0,0,0,0,1,0,0,0,0,0,0,0,0,1,0,0,0,1,0,0,0,0,0,0,0,0,0,0,134,166,0,1,0,0,0,0,1,0,0,0,7.736151665
1968,Romeo,2,4,1,1,0,0,0,0,0,1,0,1,0,0,0,0,0,0,0,0,0,0,0,0,0,0,0,0,0,0,0,0,0,0,0,0,0,0,1,0,0,0,0,0,0,0,0,1,0,0,0,0,0,138,188,1,0,0,0,0,0,0,0,0,0,7.550178633
1968,Rachel,2,4,1,0,0,1,0,1,1,0,0,0,0,0,0,0,0,0,0,0,0,0,0,0,0,0,0,0,0,0,0,0,0,0,0,0,0,0,1,0,0,0,0,0,0,0,0,0,0,0,0,0,0,101,231,0,0,0,1,0,0,0,0,0,0,6.810778443
1967,Guess,2,10,1,1,1,1,1,1,1,0,1,0,1,0,1,0,0,0,0,0,0,0,0,0,0,0,0,0,0,0,0,0,0,0,0,0,0,0,1,0,0,0,0,0,0,0,0,1,0,0,0,0,0,108,121,0,1,0,0,0,0,0,0,0,0,7.524371791
1967,Bonnie,2,10,1,1,1,1,2,1,1,1,0,1,0,0,0,0,0,0,0,0,0,0,0,0,0,0,0,0,0,0,0,0,0,0,1,0,1,0,1,0,0,0,0,0,0,0,0,1,0,0,0,0,0,111,241,0,0,0,1,0,0,0,0,0,0,7.919312485
1967,Dolittle,2,9,1,0,0,0,0,0,0,1,1,0,2,1,1,1,0,0,1,0,0,0,0,0,0,0,0,0,0,0,0,0,1,0,0,1,0,0,0,1,1,0,0,0,0,1,0,0,0,0,0,0,0,152,113,1,0,0,0,0,0,0,0,0,0,6.25326087
1967,Heat,1,7,1,1,1,0,0,0,1,0,0,0,0,0,1,1,0,0,1,0,0,0,1,0,0,0,0,0,0,0,0,0,0,0,0,0,1,0,1,0,0,0,0,0,0,0,1,0,0,0,0,0,0,109,252,0,1,0,0,0,0,1,0,0,0,7.863786572
1967,Graduate,2,7,1,1,1,1,0,1,1,1,0,0,0,0,0,0,0,0,0,0,0,0,0,1,0,0,0,0,0,1,0,0,0,0,0,1,0,0,1,0,0,0,0,0,0,0,0,1,0,0,0,0,0,105,111,0,1,0,0,0,0,0,0,0,0,8.058050984
1966,Woolf,2,13,1,1,1,1,1,1,1,1,1,1,1,0,1,1,0,0,0,0,0,0,0,0,0,0,0,0,0,0,0,0,0,0,0,0,0,0,1,0,0,0,0,0,0,0,0,0,0,0,0,0,0,131,293,0,0,0,0,0,0,0,0,0,0,7.762542955
1966,Seasons,1,8,1,1,1,0,1,1,1,1,0,1,0,0,0,0,0,0,0,0,0,0,1,0,0,0,0,0,0,1,0,0,0,0,1,0,0,0,0,0,0,0,0,0,0,0,0,0,0,0,0,0,0,120,119,0,0,0,0,0,0,1,0,0,1,7.875751602
1966,Sand,2,8,1,0,1,0,1,0,0,1,1,0,1,0,1,1,0,0,0,0,0,0,0,0,0,0,0,0,0,0,0,0,0,0,0,0,0,0,1,0,0,0,0,0,0,0,0,1,0,0,0,1,0,179,111,0,0,0,0,0,0,0,0,0,0,7.311039763
1966,Alfie,2,5,1,0,1,0,0,1,1,0,0,0,0,1,0,0,0,0,0,0,0,0,0,0,0,0,0,0,0,0,0,0,0,0,0,1,0,0,1,0,0,0,0,0,0,0,0,0,0,0,0,0,0,114,229,0,0,0,0,0,0,0,0,0,0,6.978134521
1966,Russians,2,4,1,0,1,0,0,0,1,0,0,0,0,0,1,0,0,0,0,0,0,0,0,1,0,0,0,0,0,0,0,0,0,0,0,1,0,0,0,0,0,0,0,0,0,0,0,0,0,0,0,1,0,126,320,0,0,0,0,0,0,0,0,0,0,6.759080894
1965,Zhivago,2,10,1,1,0,0,1,0,1,1,1,1,1,0,1,1,0,0,0,0,0,0,1,0,0,0,0,0,0,0,0,0,0,0,0,0,0,0,1,0,0,0,0,0,0,0,0,1,0,0,0,1,0,197,117,0,0,0,0,0,0,0,0,0,0,7.904692082
1965,Sound,1,10,1,1,0,1,0,1,0,1,1,1,1,0,1,1,0,0,0,0,0,0,0,1,0,0,0,0,0,1,0,0,0,0,1,0,0,0,1,1,0,0,0,0,0,1,0,0,0,0,0,0,0,174,412,0,0,0,0,0,0,0,0,0,0,7.659102778
1965,Ship,2,8,1,0,1,1,1,0,1,1,1,1,0,0,0,0,0,0,0,0,0,0,0,0,0,0,0,0,0,0,0,0,0,0,0,0,0,0,1,0,0,0,0,0,0,0,0,0,0,0,0,0,0,149,263,0,0,0,0,0,0,0,0,0,0,6.906546275
1965,Darling,2,5,1,1,0,1,0,0,1,0,0,1,0,0,0,0,0,0,0,0,0,0,0,0,0,0,0,0,0,0,0,0,0,0,0,0,0,0,1,0,0,0,0,0,0,0,0,0,0,0,0,0,0,128,258,0,0,0,0,0,0,1,0,0,0,6.901423978
1965,Thousand,2,4,1,0,0,0,1,0,1,0,0,0,1,0,0,0,0,0,0,0,0,0,0,0,0,0,0,0,0,0,0,0,0,0,0,1,0,0,1,0,0,0,0,0,0,0,0,1,0,0,0,0,0,118,126,0,0,0,0,0,0,0,0,0,0,7.043651926
1964,Poppins,2,13,1,1,0,1,0,0,1,1,1,1,2,1,1,1,0,0,1,0,0,0,0,0,0,0,0,0,0,0,0,0,0,0,0,1,0,0,0,1,1,0,0,0,0,1,0,0,0,0,0,0,0,139,221,0,0,0,0,0,0,0,0,0,0,7.545835841
1964,Fair,1,12,1,1,1,0,1,1,1,1,1,1,1,0,1,1,0,0,0,0,0,0,0,1,0,0,0,0,0,1,0,0,0,0,0,1,0,0,1,1,0,0,0,0,0,1,0,1,0,0,0,0,0,170,166,0,0,0,0,0,0,1,0,0,0,7.724334621
1964,Becket,2,12,1,1,2,0,1,0,1,1,1,1,1,0,1,1,0,0,0,0,0,0,1,0,0,0,0,0,0,0,0,0,0,0,1,0,0,0,1,0,0,0,0,0,0,0,0,0,0,0,0,0,0,148,390,0,0,0,0,0,0,0,0,0,1,7.503379371
1964,Zorba,2,7,1,1,1,0,0,1,1,1,1,0,0,0,0,0,0,0,0,0,0,0,0,0,0,0,0,0,0,0,0,0,0,0,0,0,0,0,1,0,0,0,0,0,0,0,0,0,0,0,0,0,0,142,109,0,0,0,0,0,0,0,0,0,0,7.474408015
1964,Strangelove,2,4,1,1,1,0,0,0,1,0,0,0,0,0,0,0,0,0,0,0,0,0,0,0,0,0,0,0,0,0,0,0,0,0,0,1,0,0,0,0,0,0,0,0,0,0,0,0,0,0,0,0,0,96,432,0,0,0,0,0,0,0,0,0,0,8.672489684
1963,Jones,1,10,1,1,1,0,1,3,1,0,1,0,1,0,0,0,0,0,0,0,0,0,0,1,0,0,0,0,0,1,0,0,1,0,0,1,0,0,0,0,0,0,0,0,0,0,0,1,0,0,0,0,0,128,190,0,0,0,0,0,0,1,0,0,1,6.948661234
1963,Cleopatra,2,9,1,0,1,0,0,0,0,1,1,1,1,0,1,1,0,0,1,0,0,0,0,0,0,0,0,0,0,0,0,0,0,0,1,0,0,0,1,0,0,0,1,0,0,0,0,1,0,0,0,0,0,192,306,0,0,0,0,0,0,0,0,0,0,6.623482659
1963,West,2,8,1,0,0,0,0,0,1,1,1,1,1,0,1,1,0,0,0,0,0,0,0,0,0,0,0,0,0,0,0,0,1,0,0,0,0,0,1,0,0,0,0,0,0,0,0,0,0,0,0,0,1,162,418,0,0,0,0,0,0,0,0,0,0,6.841375423
1963,Lilies,2,5,1,0,1,0,0,1,1,1,0,0,0,0,0,0,0,0,0,0,0,0,0,0,0,0,0,0,0,0,0,0,0,0,0,1,0,0,1,0,0,0,0,0,0,0,0,0,0,0,0,0,0,94,195,0,0,0,0,0,0,0,0,0,0,7.195906433
1963,America,2,4,1,1,0,0,0,0,1,0,1,0,0,0,0,0,0,0,0,0,0,0,0,0,0,0,0,0,0,0,0,0,0,0,0,0,0,0,1,0,0,0,0,0,0,0,0,0,0,0,0,0,0,174,120,0,0,0,0,0,0,0,0,0,0,7.075900144
1962,Lawrence,1,10,1,1,1,0,1,0,1,1,1,0,1,0,1,1,0,0,0,0,0,0,1,0,0,0,0,0,0,1,0,0,1,0,1,0,0,0,1,0,0,0,0,0,0,0,0,0,0,0,0,1,0,216,113,0,0,0,0,0,0,0,0,0,0,8.547709374
1962,Mockingbird,2,8,1,1,1,0,0,1,1,1,1,0,1,0,0,0,0,0,0,0,0,0,0,0,0,0,0,0,0,0,0,0,0,0,0,0,0,0,1,0,0,0,0,0,0,0,0,0,0,0,0,0,0,129,104,0,0,0,0,0,0,0,0,0,0,8.45070467
1962,Mutiny,2,7,1,0,0,0,0,0,0,1,1,0,1,1,1,0,0,0,1,0,0,0,0,0,0,0,0,0,0,0,0,0,1,0,0,0,0,0,1,0,0,0,1,0,0,0,0,1,0,0,0,0,0,178,151,0,0,0,0,0,0,0,0,0,0,6.89291598
1962,Music,2,6,1,0,0,0,0,0,0,0,1,1,1,0,1,1,0,0,0,0,0,0,0,1,0,0,0,0,0,0,0,0,0,0,0,1,0,0,0,1,0,0,0,0,0,1,0,1,0,0,0,0,0,151,293,0,0,0,0,0,0,0,0,0,0,7.34029484
1962,Longest,2,5,1,0,0,0,0,0,0,1,1,0,0,0,1,0,0,0,1,0,0,0,0,0,0,0,0,0,0,0,0,1,0,0,0,0,0,0,1,0,0,0,1,0,0,0,0,0,0,0,0,1,0,178,186,0,0,0,0,0,0,0,0,0,1,7.670599946
1961,West,1,12,1,1,0,0,1,1,1,1,1,1,1,0,1,1,0,0,0,0,1,0,0,1,0,0,0,0,0,1,0,0,0,0,0,0,0,0,1,0,0,0,0,0,0,1,0,1,0,0,0,0,0,152,173,0,0,0,0,0,0,1,0,0,0,7.633727569
1961,Nuremberg,2,11,1,1,2,0,1,1,1,1,1,1,0,0,1,0,0,0,0,0,0,0,0,0,0,0,0,0,0,0,0,0,0,0,0,0,0,0,1,0,0,0,1,0,0,0,0,0,0,0,0,0,0,186,111,0,0,0,0,0,0,0,0,0,0,7.937161342
1961,Hustler,2,9,1,1,1,1,2,0,1,1,1,0,0,0,0,0,0,0,0,0,0,0,0,0,0,0,0,0,0,0,0,0,0,0,0,0,0,0,1,0,0,0,0,0,0,0,0,1,0,1,0,0,0,134,196,0,0,0,0,0,0,0,0,0,0,7.97037037
1961,Navarone,2,7,1,1,0,0,0,0,1,0,0,0,1,0,1,1,0,0,1,0,0,0,1,0,0,0,0,0,0,0,0,1,1,0,0,0,0,0,1,0,0,0,0,0,0,0,0,0,0,0,0,1,0,158,291,0,0,0,0,0,0,0,0,0,0,7.388435958
1961,Fanny,2,5,1,0,1,0,0,0,0,1,0,0,1,0,1,0,0,0,0,0,0,0,0,0,0,0,0,0,0,0,0,0,0,0,0,0,0,0,1,0,0,0,0,0,0,0,0,1,0,0,0,0,0,134,285,0,0,0,0,0,0,0,0,0,0,6.775810474
1960,Apartment,1,10,1,1,1,1,1,0,1,1,1,0,0,0,1,1,0,0,0,0,0,0,0,1,0,0,0,0,0,1,0,0,0,0,0,1,0,0,1,0,0,0,0,0,0,0,0,1,0,0,0,0,0,120,306,0,0,0,0,0,0,1,0,0,0,8.189355817
1960,Sons,2,7,1,1,1,0,0,1,1,1,1,0,0,0,0,0,0,0,0,0,0,0,0,0,0,0,0,0,0,0,0,0,0,0,0,0,0,0,1,0,0,0,0,0,0,0,0,0,0,0,0,0,0,103,258,0,0,0,0,0,0,1,0,0,1,6.821148825
1960,Alamo,2,7,1,0,0,0,1,0,0,1,0,0,1,1,1,1,0,0,0,0,0,0,0,0,0,0,0,0,0,0,0,1,1,0,0,0,0,0,1,0,0,0,1,0,0,0,0,0,0,0,0,1,1,167,175,0,0,0,0,0,0,0,0,0,0,6.629069767
1960,Sundowners,2,5,1,1,0,1,0,1,1,0,0,0,0,0,0,0,0,0,0,0,0,0,0,0,0,0,0,0,0,0,0,0,1,0,0,0,0,0,1,0,0,0,0,0,0,0,0,0,0,0,0,0,0,133,130,0,0,0,0,0,0,0,0,0,0,6.928008299
1960,Gantry,2,5,1,0,1,0,0,1,1,0,0,0,1,0,0,0,0,0,0,0,0,0,0,0,0,0,0,0,0,0,0,0,0,0,0,0,0,0,1,0,0,0,0,0,0,0,0,0,0,0,0,0,0,146,284,0,0,0,0,0,0,0,0,0,0,7.416724739
1959,Ben,1,12,1,1,1,0,1,0,1,1,1,1,1,0,1,1,0,0,1,0,0,0,1,0,0,0,0,0,0,1,0,1,1,0,0,0,0,0,1,0,0,0,0,0,0,0,0,0,0,0,0,0,0,212,138,0,0,0,0,0,0,1,0,0,0,8.140354204
1959,Nun,2,8,1,1,0,1,0,0,1,1,0,0,1,0,1,1,0,0,0,0,0,0,0,0,0,0,0,0,0,0,0,0,0,0,0,0,0,0,1,0,0,0,0,0,0,0,0,0,0,0,0,0,0,149,291,0,0,0,0,0,0,0,0,0,1,7.173469388
1959,Diary,2,8,1,1,0,0,1,1,0,1,1,1,1,0,0,0,0,0,0,0,0,0,0,0,0,0,0,0,0,0,0,0,0,0,1,0,0,0,1,0,0,0,0,0,0,0,0,0,0,0,0,1,0,180,383,0,0,0,0,0,0,0,0,0,0,7.236080871
1959,Anatomy,2,7,1,0,1,0,2,0,1,1,0,0,0,0,1,0,0,0,0,0,0,0,0,0,0,0,0,0,0,0,0,0,0,0,0,0,0,0,1,0,0,0,0,0,0,0,1,0,0,0,0,0,0,160,278,0,0,0,0,0,0,0,0,0,0,7.873180459
1959,Room,2,6,1,1,1,1,0,1,1,0,0,0,0,0,0,0,0,0,0,0,0,0,0,0,0,0,0,0,0,0,0,0,0,0,0,0,0,0,1,0,0,0,0,0,0,0,0,0,0,0,0,0,0,115,371,0,0,0,0,0,0,0,0,0,0,7.119609805
1958,Gigi,1,9,1,1,0,0,0,0,1,1,1,1,1,1,1,0,0,0,0,0,0,0,0,1,0,0,0,0,0,1,0,0,0,0,0,1,0,0,0,0,0,0,0,0,0,1,0,1,0,0,0,0,0,119,326,0,0,0,0,0,0,0,0,0,0,6.910550459
1958,Defiant,2,9,1,1,2,0,1,1,1,1,0,0,0,0,1,0,0,0,0,0,0,0,1,0,0,0,0,0,0,0,0,0,0,0,0,0,1,0,1,0,0,0,0,0,0,0,0,0,0,0,1,0,0,97,194,0,0,0,0,0,0,1,0,0,0,7.260180076
1958,Separate,2,7,1,0,1,1,0,1,1,1,0,0,1,0,0,0,0,0,0,0,0,0,0,0,0,0,0,0,0,0,0,0,0,0,0,0,0,0,1,0,0,0,0,0,0,0,0,0,0,0,0,0,0,100,109,0,0,0,0,0,0,0,0,0,0,7.162587846
1958,Mame,2,6,1,0,0,1,0,1,0,1,1,0,0,0,1,0,0,0,0,0,0,0,0,1,0,0,0,0,0,0,0,0,0,0,0,1,0,0,1,0,0,0,0,0,0,0,0,0,0,0,0,0,0,143,100,0,0,0,0,0,0,0,0,0,0,7.47800045
1958,Cat,2,6,1,1,1,1,0,0,1,1,0,0,0,0,0,0,0,0,0,0,0,0,0,0,0,0,0,0,0,0,0,0,0,0,0,0,0,0,1,0,0,0,0,0,0,0,0,0,0,0,0,0,0,108,200,0,0,0,0,0,0,0,0,0,0,7.636084365
1957,Sayonara,2,10,1,1,1,0,1,1,1,1,1,0,0,0,1,1,0,0,0,0,0,0,0,0,0,0,0,0,0,0,0,0,0,0,0,0,0,0,1,0,0,0,0,0,0,0,0,1,0,0,0,0,0,147,111,0,0,0,0,0,0,0,0,0,0,6.926890756
1957,Peyton,2,9,1,1,0,1,2,2,1,1,0,0,0,0,0,0,0,0,0,0,0,0,0,0,0,0,0,0,0,0,0,0,0,0,0,0,0,0,1,0,0,0,0,0,0,0,0,1,0,0,0,0,0,162,103,0,0,0,0,0,0,0,0,0,0,6.927120067
1957,Kwai,1,8,1,1,1,0,1,0,1,1,0,0,1,0,1,0,0,0,0,0,0,0,1,0,0,0,0,0,0,1,0,0,1,0,0,0,0,0,1,0,0,0,0,0,0,0,0,0,0,0,0,1,0,161,98,0,0,0,0,0,0,1,0,0,1,8.335425432
1957,Witness,2,6,1,1,1,0,0,1,0,0,0,0,0,0,1,1,0,0,0,0,0,0,0,0,0,0,0,0,0,0,0,0,0,0,0,0,0,0,1,0,0,0,0,0,0,0,1,0,0,0,1,0,0,116,101,0,0,0,0,0,0,0,0,0,0,7.907651659
1957,Angry,2,3,1,1,0,0,0,0,1,0,0,0,0,0,0,0,0,0,0,0,0,0,0,0,0,0,0,0,0,0,0,0,0,0,0,0,1,0,1,0,0,0,0,0,0,0,0,0,0,0,0,0,0,96,347,0,0,0,0,0,0,0,0,0,0,8.647332172
1956,Giant,2,10,1,1,2,0,0,1,1,0,1,1,1,0,1,0,0,0,0,0,0,0,0,0,0,0,0,0,0,1,0,0,0,0,0,0,0,0,1,0,0,0,0,0,0,0,0,1,0,0,0,0,1,201,168,0,0,0,0,0,0,0,0,0,0,7.451654622
1956,King,2,9,1,1,1,1,0,0,0,1,1,1,1,0,0,1,0,0,0,0,0,0,0,1,0,0,0,0,0,0,0,0,1,0,0,0,0,0,1,1,0,0,0,0,0,1,0,1,0,0,0,0,0,133,272,0,0,0,0,0,0,0,0,0,0,7.264016736
1956,Around,1,8,1,1,0,0,0,0,1,1,1,1,1,0,1,0,0,0,0,0,0,0,1,0,0,0,0,0,0,0,0,0,1,0,0,1,0,0,0,1,0,0,1,0,0,0,0,1,0,0,0,0,0,167,161,0,0,0,0,0,0,1,0,0,1,6.775152905
1956,Commandments,2,7,1,0,0,0,0,0,0,1,1,1,0,0,1,1,0,0,1,0,0,0,0,0,0,0,0,0,0,0,0,0,0,0,0,0,0,0,1,0,0,0,0,0,0,0,0,0,0,0,0,0,0,220,173,0,0,0,0,0,0,0,0,0,0,7.697446931
1956,Friendly,2,5,1,1,0,0,1,0,0,0,0,0,0,1,0,1,0,0,0,0,0,0,0,0,0,0,0,0,0,0,0,0,0,0,0,0,0,0,1,0,0,0,0,0,0,0,0,0,0,0,0,0,0,137,122,0,0,0,0,0,0,0,0,0,0,7.121129326
1955,Rose,2,8,1,0,0,1,0,1,0,1,1,1,1,0,1,0,0,0,0,0,0,0,0,0,0,0,0,0,0,0,0,0,0,0,0,0,0,0,1,0,0,0,0,0,0,0,0,1,0,0,0,0,0,117,100,0,0,0,0,0,0,0,0,0,0,6.84522293
1955,Marty,1,8,1,1,1,0,1,1,1,1,1,0,0,0,0,0,0,0,0,0,0,0,0,0,0,0,0,0,0,1,0,0,0,0,0,0,0,0,1,0,0,0,0,0,0,0,0,1,0,0,0,0,0,91,345,0,0,0,0,0,0,1,0,0,1,7.3310963
1955,Love,2,8,1,0,0,1,0,0,0,1,1,1,1,1,0,1,0,0,0,0,0,0,0,0,0,0,0,0,0,0,0,0,0,0,0,0,0,0,1,0,0,0,0,0,0,0,0,1,0,0,0,0,0,102,216,0,0,0,0,0,0,0,0,0,0,6.620986505
1955,Picnic,2,6,1,1,0,0,1,0,0,0,1,0,1,0,1,0,0,0,0,0,0,0,0,0,0,0,0,0,0,0,0,0,0,0,0,0,0,0,1,0,0,0,0,0,0,0,0,1,0,0,0,0,0,115,127,0,0,0,0,0,0,0,0,0,0,7.070790479
1955,Roberts,2,3,1,0,0,0,1,0,0,0,0,0,0,0,0,1,0,0,0,0,0,0,0,0,0,0,0,0,0,0,0,0,0,0,0,1,0,0,1,0,0,0,0,0,0,0,0,0,0,0,0,1,0,123,235,0,0,0,0,0,0,0,0,0,0,7.58450874
1954,Waterfont,1,12,1,1,1,0,3,1,1,1,1,0,1,0,1,0,0,0,0,0,0,0,1,0,0,0,0,0,0,1,0,0,0,0,0,0,1,0,1,0,0,0,0,0,0,0,0,1,0,0,0,0,0,108,245,0,0,0,0,0,0,1,0,0,1,8.206026927
1954,Country,2,7,1,1,1,1,0,0,1,1,1,0,0,0,0,0,0,0,0,0,0,0,0,0,0,0,0,0,0,0,0,0,0,0,0,0,0,0,1,0,0,0,0,0,0,0,0,0,0,0,0,0,0,104,105,0,0,0,0,0,0,0,0,0,0,6.973093043
1954,Caine,2,7,1,0,1,0,1,0,1,0,0,0,1,0,1,1,0,0,0,0,0,0,0,0,0,0,0,0,0,0,0,0,0,0,0,0,0,0,1,0,0,0,0,0,0,0,0,0,0,0,0,1,0,124,279,0,0,0,0,0,0,0,0,0,0,7.864034747
1954,Brides,2,5,1,0,0,0,0,0,1,1,0,0,1,0,1,0,0,0,0,0,0,0,0,0,0,0,0,0,0,0,0,0,1,0,0,1,0,0,1,1,0,0,0,0,0,1,0,1,0,0,0,0,1,102,251,0,0,0,0,0,0,0,0,0,0,7.088027562
1954,Coins,2,3,1,0,0,0,0,0,0,1,0,0,0,1,0,0,0,0,0,0,0,0,0,0,0,0,0,0,0,0,0,0,0,0,0,0,0,0,1,0,0,0,0,0,0,0,0,1,0,0,0,0,0,102,314,0,0,0,0,0,0,0,0,0,0,6.548152116
1953,Eternity,1,13,1,1,2,1,1,1,1,1,0,1,1,0,1,1,0,0,0,0,0,0,0,0,0,0,0,0,0,1,0,0,0,0,0,0,0,0,1,0,0,0,0,0,0,0,0,1,0,0,0,1,0,118,232,0,0,0,0,0,0,1,0,0,0,7.655511771
1953,Roman,2,10,1,1,0,1,1,0,2,1,1,1,0,0,1,0,0,0,0,0,0,0,0,0,0,0,0,0,0,0,0,0,0,0,0,1,0,0,1,0,0,0,0,0,0,0,0,1,0,0,0,0,0,118,210,0,0,0,0,0,0,0,0,0,0,7.896781286
1953,Shane,2,6,1,1,0,0,2,0,1,1,0,0,0,0,0,0,0,0,0,0,0,0,0,0,0,0,0,0,0,0,0,0,0,0,0,0,0,0,1,0,0,0,0,0,0,0,0,0,0,0,0,0,1,118,336,0,0,0,0,0,0,0,0,0,0,7.561495845
1953,Robe,2,5,1,0,1,0,0,0,0,1,1,1,0,0,0,0,0,0,0,0,0,0,1,0,0,0,0,0,0,0,0,0,0,0,0,0,0,0,1,0,0,0,0,0,0,0,0,0,0,0,0,0,0,135,190,0,0,0,0,0,0,0,0,0,0,6.643189369
1953,Caesar,2,5,1,0,1,0,0,0,0,1,1,0,1,0,0,0,0,0,0,0,0,0,0,0,0,0,0,0,0,0,0,0,0,0,0,0,0,0,1,0,0,0,1,0,0,0,0,0,0,0,0,0,0,120,294,0,0,0,0,0,0,0,0,0,1,7.113566257
1952,Quiet,2,7,1,1,0,0,1,0,1,1,1,0,0,0,0,1,0,0,0,0,0,0,0,0,0,0,0,0,0,1,0,0,0,0,0,1,0,0,1,0,0,0,0,0,0,0,0,1,0,0,0,0,0,129,217,0,0,0,0,0,0,0,0,0,1,7.759104046
1952,Noon,2,7,1,1,1,0,0,0,1,0,0,0,1,1,1,0,0,0,0,0,0,0,0,0,0,0,0,0,0,0,0,0,0,0,0,0,0,0,0,0,0,0,0,0,0,0,0,0,0,0,1,0,1,85,238,0,0,0,0,0,0,1,0,0,0,8.19492296
1952,Moulin,2,7,1,1,1,0,0,1,0,0,1,1,0,0,1,0,0,0,0,0,0,0,0,0,0,0,0,0,0,0,0,0,0,0,1,0,0,0,1,0,0,0,0,0,0,0,0,0,0,0,0,0,0,119,86,0,0,0,0,0,0,0,0,0,0,6.962629758
1952,Greatest,1,5,1,1,0,0,0,0,1,0,0,1,0,0,1,0,0,0,0,0,0,0,1,0,0,0,0,0,0,0,0,0,0,0,0,0,0,0,1,1,0,0,0,0,0,0,0,1,0,0,0,0,0,152,434,0,0,0,0,0,0,0,0,0,0,6.638382049
1952,Ivanhoe,2,3,1,0,0,0,0,0,0,1,0,0,1,0,0,0,0,0,0,0,0,0,0,0,0,0,0,0,0,0,0,0,1,0,0,0,0,0,1,0,0,0,0,0,0,0,0,1,0,0,0,0,0,106,231,0,0,0,0,0,0,0,0,0,0,6.7
1951,Streetcar,2,12,1,1,1,1,1,1,1,1,1,1,1,0,0,1,0,0,0,0,0,0,0,0,0,0,0,0,0,0,0,0,0,0,0,0,0,0,1,0,0,0,0,0,0,0,0,0,0,0,0,0,0,122,184,0,0,0,0,0,0,1,0,0,0,7.903190697
1951,Place,2,9,1,1,1,1,0,0,1,1,0,1,1,0,1,0,0,0,0,0,0,0,1,0,0,0,0,0,0,1,0,0,0,0,0,0,0,0,1,0,0,0,0,0,0,0,0,1,0,0,0,0,0,122,219,0,0,0,0,0,0,0,0,0,1,7.366653371
1951,Quo,2,8,1,0,0,0,2,0,0,1,1,1,1,0,1,0,0,0,0,0,0,0,0,0,0,0,0,0,0,0,0,0,0,0,0,0,0,0,1,0,0,0,1,0,0,0,0,0,0,0,0,0,0,171,133,0,0,0,0,0,0,0,0,0,0,6.881961259
1951,American,1,8,1,1,0,0,0,0,1,1,1,1,1,0,1,0,0,0,0,0,0,0,0,1,0,0,0,0,0,0,0,0,0,0,0,0,0,0,0,0,0,0,0,0,0,1,0,1,0,0,0,0,0,113,168,0,0,0,0,0,0,0,0,0,0,7.18603156
1951,Decision,2,2,1,0,0,0,0,0,0,0,0,0,0,0,1,0,0,0,0,0,0,0,0,0,0,0,0,0,0,0,0,0,0,0,0,0,0,0,1,0,0,0,0,0,0,0,0,0,0,0,0,1,0,119,90,0,0,0,0,0,0,0,0,0,0,6.8757503
1950,Eve,1,14,1,1,0,2,1,2,1,1,1,1,1,0,1,1,0,0,0,0,0,0,0,0,0,0,0,0,0,1,0,0,0,0,0,0,0,0,1,0,0,0,0,0,0,0,0,0,0,0,0,0,0,138,167,0,0,0,0,0,0,1,0,0,0,8.293632382
1950,Sunset,2,11,1,1,1,1,1,1,1,1,1,0,1,0,1,0,0,0,0,0,0,0,1,0,0,0,0,0,0,0,0,0,0,0,0,0,0,0,1,0,0,1,0,0,0,0,0,1,0,0,0,0,0,110,237,0,0,0,0,0,0,0,0,0,1,8.512011969
1950,Born,2,5,1,1,0,1,0,0,1,0,0,1,0,0,0,0,0,0,0,0,0,0,0,0,0,0,0,0,0,0,0,0,0,0,0,1,0,0,0,0,0,0,0,0,0,0,0,1,0,0,0,0,0,103,93,0,0,0,0,0,0,0,0,0,0,7.181762546
1950,Solomon,2,3,1,0,0,0,0,0,0,1,0,0,0,0,1,0,0,0,0,0,0,0,0,0,0,0,0,0,0,0,0,1,1,0,0,0,0,0,0,0,0,0,0,0,0,0,0,1,0,0,0,0,0,103,140,0,0,0,0,0,0,0,0,0,0,6.747812124
1950,Father,2,3,1,0,1,0,0,0,1,0,0,0,0,0,0,0,0,0,0,0,0,0,0,0,0,0,0,0,0,0,0,0,0,0,0,1,0,0,0,0,0,0,0,0,0,0,0,1,0,0,0,0,0,92,286,0,0,0,0,0,0,0,0,0,0,7.01648786
1949,Heiress,2,8,1,1,0,1,1,0,0,1,1,1,1,0,0,0,0,0,0,0,0,0,0,0,0,0,0,0,0,0,0,0,0,0,0,0,0,0,1,0,0,0,0,0,0,0,0,1,0,0,0,0,0,115,168,0,0,0,0,0,0,0,0,0,0,7.496274218
1949,King,1,7,1,1,1,0,1,1,1,0,0,0,0,0,1,0,0,0,0,0,0,0,1,0,0,0,0,0,0,1,0,0,0,0,0,0,0,0,1,0,0,0,0,0,0,0,0,0,0,0,0,0,0,109,135,0,0,0,0,0,0,1,0,0,0,7.282237914
1949,Battleground,2,6,1,1,0,0,1,0,1,1,0,0,0,0,1,0,0,0,0,0,0,0,0,0,0,0,0,0,0,0,0,1,0,0,0,0,0,0,1,0,0,0,0,0,0,0,0,0,0,0,0,1,0,118,134,0,0,0,0,0,0,0,0,0,0,7.158989823
1949,Twelve,2,4,1,0,1,0,1,0,0,0,0,0,0,0,0,1,0,0,0,0,0,0,0,0,0,0,0,0,0,0,0,1,0,0,0,0,0,0,1,0,0,0,0,0,0,0,0,0,0,0,0,1,0,132,92,0,0,0,0,0,0,0,0,0,0,7.549516962
1949,Letter,2,3,1,1,0,0,0,0,1,0,0,0,0,0,0,0,0,0,0,0,0,0,0,0,0,0,0,0,0,1,0,0,0,0,0,1,0,0,1,0,0,0,0,0,0,0,0,0,0,0,0,0,0,103,427,0,0,0,0,0,0,0,0,0,0,7.197938144
1948,Johnny,2,12,1,1,1,1,1,1,1,1,1,0,1,0,1,1,0,0,0,0,0,0,1,0,0,0,0,0,0,0,0,0,0,0,0,0,0,0,1,0,0,0,0,0,0,0,0,0,0,0,0,0,0,102,191,0,0,0,0,0,0,0,0,0,0,7.089617486
1948,Hamlet,1,7,1,1,1,0,0,1,0,0,1,1,1,0,0,0,0,0,0,0,0,0,0,0,0,0,0,0,0,0,0,0,0,0,0,0,0,0,1,0,0,0,0,0,0,0,0,0,0,0,0,0,0,155,176,0,0,0,0,0,0,0,0,0,0,7.500307456
1948,Snake,2,6,1,1,0,1,0,0,1,0,0,0,1,0,0,1,0,0,0,0,0,0,0,0,0,0,0,0,0,0,0,0,0,0,0,0,0,0,1,0,0,0,0,0,0,0,0,0,0,0,0,0,0,108,140,0,0,0,0,0,0,0,0,0,0,7.182428703
1948,Red,2,5,1,0,0,0,0,0,1,0,1,0,1,0,1,0,0,0,0,0,0,0,0,0,0,0,0,0,0,0,0,0,0,0,0,0,0,0,1,0,0,0,0,0,1,0,0,1,0,0,0,0,0,133,153,0,0,0,0,0,0,0,0,0,0,7.724742268
1948,Treasure,2,4,1,1,0,0,1,0,1,0,0,0,0,0,0,0,0,0,0,0,0,0,1,0,0,0,0,0,0,0,0,1,1,0,0,0,0,0,1,0,0,0,0,0,0,0,0,0,0,0,0,0,1,126,443,0,0,0,0,0,0,1,0,0,0,8.367871259
1947,Gentleman,1,8,1,1,1,1,0,2,1,0,0,0,0,0,1,0,0,0,0,0,0,0,1,0,0,0,0,0,0,0,0,0,0,0,0,0,0,0,1,0,0,0,0,0,0,0,0,1,0,0,0,0,0,118,130,0,0,0,0,0,0,1,0,0,0,7.067926212
1947,Expectations,2,5,1,1,0,0,0,0,1,1,1,0,0,0,0,0,0,0,0,0,0,0,0,0,0,0,0,0,0,0,0,0,0,0,0,0,0,0,1,0,0,0,0,0,0,0,0,0,0,0,0,0,0,118,303,0,0,0,0,0,0,0,0,0,0,7.844160584
1947,Crossfire,2,5,1,1,0,0,1,1,1,0,0,0,0,0,0,0,0,0,0,0,0,0,0,0,0,0,0,0,0,0,0,0,0,0,0,0,1,0,1,0,0,1,0,0,0,0,0,0,0,0,0,0,0,86,242,0,0,0,0,0,0,0,0,0,0,7.06503555
1947,Bishop,2,5,1,1,0,0,0,0,0,0,0,0,1,0,1,1,0,0,0,0,0,0,0,0,0,0,0,0,0,0,0,0,0,0,0,1,0,0,1,0,1,0,0,0,0,0,0,1,0,0,0,0,0,109,102,0,0,0,0,0,0,0,0,0,0,7.252439895
1947,Miracle,2,4,1,0,0,0,1,0,2,0,0,0,0,0,0,0,0,0,0,0,0,0,0,0,0,0,0,0,0,0,0,0,0,0,0,1,0,0,1,1,1,0,0,0,0,0,0,1,0,0,0,0,0,96,323,0,0,0,0,0,0,0,0,0,0,7.817139147
1946,Best,1,8,1,1,1,0,1,0,1,0,0,0,1,0,1,1,0,0,0,0,0,0,1,0,0,0,0,0,0,0,0,0,0,0,0,0,0,0,1,0,0,0,0,0,0,0,0,1,0,0,0,0,0,172,112,0,0,0,0,0,0,1,0,0,0,7.927977316
1946,Yearling,2,7,1,1,1,1,0,0,0,1,1,0,0,0,1,0,0,0,0,0,0,0,0,0,0,0,0,0,0,0,0,0,0,0,0,0,0,0,1,1,0,0,0,0,0,0,0,0,0,0,0,0,0,128,85,0,0,0,0,0,0,0,0,0,0,7.145454545
1946,Wonderful,2,5,1,1,1,0,0,0,0,0,0,0,0,0,1,1,0,0,0,0,0,0,0,0,0,0,0,0,0,0,0,0,0,0,0,0,0,0,1,1,1,0,0,0,0,0,0,1,0,0,0,0,0,130,83,0,0,0,0,0,0,0,0,0,0,8.559301368
1946,Razor,2,4,1,0,0,0,1,1,0,0,1,0,0,0,0,0,0,0,0,0,0,0,0,0,0,0,0,0,0,0,0,0,0,0,0,0,0,0,1,0,0,0,0,0,0,0,0,0,0,0,0,0,0,145,114,0,0,0,0,0,0,0,0,0,0,7.014472456
1946,Henry,2,4,1,0,1,0,0,0,0,0,1,0,1,0,0,0,0,0,0,0,0,0,0,0,0,0,0,0,0,0,0,0,0,0,0,0,0,0,1,0,0,0,1,0,0,0,0,0,0,0,0,1,0,137,269,0,0,0,0,0,0,0,0,0,1,7.141356331
1945,Bells,2,8,1,1,1,1,0,0,0,0,0,0,1,1,1,1,0,0,0,0,0,0,0,0,0,0,0,0,0,0,0,0,0,0,0,0,0,0,1,1,0,0,0,0,0,0,0,0,0,0,0,0,0,126,91,0,0,0,0,0,0,0,0,0,0,7.073718179
1945,Lost,1,7,1,1,1,0,0,0,1,1,0,0,1,0,1,0,0,0,0,0,0,0,1,0,0,0,0,0,0,0,0,0,0,0,0,0,0,0,1,0,0,1,0,0,0,0,0,0,0,0,0,0,0,101,111,0,0,0,0,0,0,1,0,0,0,7.897768134
1945,Spellbound,2,6,1,1,0,0,1,0,0,1,0,0,1,0,0,0,0,0,1,0,0,0,0,0,0,0,0,0,0,0,0,0,0,0,0,0,0,0,1,0,0,0,0,0,0,0,1,1,0,0,1,0,0,111,127,0,0,0,0,0,0,0,0,0,0,7.472131148
1945,Mildred,2,6,1,0,0,1,0,2,1,1,0,0,0,0,0,0,0,0,0,0,0,0,0,0,0,0,0,0,0,0,0,0,0,0,0,0,0,0,1,0,0,1,0,0,0,0,1,1,0,0,0,0,0,111,164,0,0,0,0,0,0,0,0,0,0,7.370453208
1945,Anchors,2,5,1,0,1,0,0,0,0,1,0,0,1,1,0,0,0,0,0,0,0,0,0,0,0,0,0,0,0,0,0,0,0,0,0,1,0,0,0,0,0,0,0,0,0,1,0,1,0,0,0,0,0,143,236,0,0,0,0,0,0,0,0,0,0,6.804270987
1944,Wilson,2,10,1,1,1,0,0,0,1,1,1,0,1,0,1,1,0,0,1,0,0,0,0,0,0,0,0,0,0,0,0,0,0,0,1,0,0,0,1,0,0,0,0,0,0,0,0,0,0,0,0,0,0,154,243,0,0,0,0,0,0,0,0,0,0,6.7
1944,Going,1,10,1,1,2,0,1,0,2,1,0,0,0,1,1,0,0,0,0,0,0,0,1,0,0,0,0,0,0,0,0,0,0,0,0,1,0,0,1,0,0,0,0,0,0,1,0,0,0,0,0,0,0,130,316,0,0,0,0,0,0,1,0,0,0,7.151707971
1944,Since,2,9,1,0,0,1,1,1,0,1,1,0,1,0,1,0,0,0,1,0,0,0,0,0,0,0,0,0,0,0,0,0,0,0,0,0,0,0,1,0,0,0,0,0,0,0,0,0,0,0,0,1,0,172,273,0,0,0,0,0,0,0,0,0,0,7.066970387
1944,Gaslight,2,7,1,0,1,1,0,1,1,1,1,0,0,0,0,0,0,0,0,0,0,0,0,0,0,0,0,0,0,0,0,0,0,0,0,0,0,0,1,0,0,0,0,0,0,0,1,0,0,0,1,0,0,114,315,0,0,0,0,0,0,0,0,0,0,7.539716054
1944,Double,2,7,1,1,0,1,0,0,1,1,0,0,1,0,0,1,0,0,0,0,0,0,0,0,0,0,0,0,0,0,0,0,0,0,0,0,1,0,0,0,0,1,0,0,0,0,0,0,0,0,1,0,0,107,190,0,0,0,0,0,0,0,0,0,0,8.28813525
1943,Bernadette,2,12,1,1,0,1,1,2,1,1,1,0,1,0,1,1,0,0,0,0,0,0,1,0,0,0,0,0,0,0,0,0,0,0,0,0,0,0,1,0,0,0,1,0,0,0,0,0,0,0,0,0,0,156,72,0,0,0,0,0,0,0,0,0,0,7.15078158
1943,Bell,2,9,1,0,1,1,1,1,0,1,1,0,1,0,1,0,0,0,0,0,0,0,0,0,0,0,0,0,0,0,0,0,1,0,0,0,0,0,1,0,0,0,0,0,0,0,0,1,0,0,0,1,0,170,232,0,0,0,0,0,0,0,0,0,0,6.924086604
1943,Casablanca,1,8,1,1,1,0,1,0,1,1,0,0,1,0,1,0,0,0,0,0,0,0,0,0,0,0,0,0,0,0,0,0,0,0,0,0,0,0,1,0,0,0,0,0,0,0,0,1,0,0,0,1,0,102,462,0,0,0,0,0,0,0,0,0,0,8.772537974
1943,Madame,2,7,1,0,1,1,0,0,0,1,1,0,1,0,0,1,0,0,0,0,0,0,0,0,0,0,0,0,0,0,0,0,0,0,1,0,0,0,1,0,0,0,0,0,0,0,0,0,0,0,0,0,0,124,78,0,0,0,0,0,0,0,0,0,0,6.778018576
1943,Merrier,2,6,1,1,0,1,1,0,2,0,0,0,0,0,0,0,0,0,0,0,0,0,0,0,0,0,0,0,0,0,0,0,0,0,0,1,0,0,0,0,0,0,0,0,0,0,0,1,0,0,0,0,0,104,342,0,0,0,0,0,0,0,0,0,0,7.094214876
1943,Human,2,5,1,1,1,0,0,0,1,1,0,0,0,0,0,0,0,0,0,0,0,0,0,0,0,0,0,0,0,0,0,0,0,0,0,0,0,0,1,0,0,0,0,0,0,0,0,0,0,0,0,0,0,118,366,0,0,0,0,0,0,0,0,0,0,6.791760522
1943,Rhine,2,4,1,0,1,0,0,1,1,0,0,0,0,0,0,0,0,0,0,0,0,0,0,0,0,0,0,0,0,0,0,0,0,0,0,0,0,0,1,0,0,0,0,0,0,0,0,0,0,0,0,0,0,114,188,0,0,0,0,0,0,1,0,0,0,6.920547945
1943,Heaven,2,3,1,1,0,0,0,0,0,1,0,0,0,0,0,0,0,0,0,0,0,0,0,0,0,0,0,0,0,0,0,0,0,0,0,1,0,0,1,0,1,0,0,0,0,0,0,1,0,0,0,0,0,112,204,0,0,0,0,0,0,0,0,0,0,7.15159129
1943,Serve,2,2,1,0,0,0,0,0,1,0,0,0,0,0,0,0,0,0,0,0,0,0,0,0,0,0,0,0,0,0,0,0,0,0,0,0,0,0,1,0,0,0,0,0,0,0,0,0,0,0,0,1,0,115,503,0,0,0,0,0,0,0,0,0,0,7.046022727
1943,Oxbow,2,1,1,0,0,0,0,0,0,0,0,0,0,0,0,0,0,0,0,0,0,0,0,0,0,0,0,0,0,0,0,0,0,0,0,0,0,0,1,0,0,0,0,0,0,0,0,0,0,0,0,0,1,75,286,0,0,0,0,0,0,0,0,0,1,7.866937331
1942,Miniver,1,12,1,1,1,1,1,2,1,1,0,0,0,0,1,1,0,0,1,0,0,0,0,0,0,0,0,0,0,0,0,0,0,0,0,0,0,0,1,0,0,0,0,0,0,0,0,1,0,0,0,1,0,134,273,0,0,0,0,0,0,0,0,0,0,7.307719211
1942,Pride,2,11,1,0,1,1,0,0,2,1,1,0,1,0,1,1,0,0,1,0,0,0,0,0,0,0,0,0,0,0,0,0,0,0,1,0,0,0,1,1,0,0,0,0,0,0,0,1,0,1,0,0,0,128,233,0,0,0,0,0,0,0,0,0,0,7.304769114
1942,Yankee,2,8,1,1,1,0,1,0,1,0,0,0,1,0,1,1,0,0,0,0,0,0,0,0,0,0,0,0,0,0,0,0,0,0,1,0,0,0,1,0,0,0,0,0,1,0,0,0,0,0,0,0,0,126,279,0,0,0,0,0,0,0,0,0,0,7.508520179
1942,Talk,2,7,1,0,0,0,0,0,2,1,1,0,1,0,1,0,0,0,0,0,0,0,0,0,0,0,0,0,0,0,0,0,0,0,0,1,0,0,1,0,0,0,0,0,0,0,0,1,0,0,1,0,0,118,196,0,0,0,0,0,0,0,0,0,0,7.164800329
1942,Random,2,7,1,1,1,0,0,1,1,0,1,0,1,0,0,0,0,0,0,0,0,0,0,0,0,0,0,0,0,0,0,0,0,0,0,0,0,0,1,0,0,0,0,0,0,0,0,1,0,0,0,0,0,125,77,0,0,0,0,0,0,0,0,0,0,7.33231441
1942,Wake,2,4,1,1,0,0,1,0,1,0,0,0,0,0,0,0,0,0,0,0,0,0,0,0,0,0,0,0,0,0,0,0,0,0,0,0,0,0,1,0,0,0,0,0,0,0,0,0,0,0,0,1,0,87,205,0,0,0,0,0,0,0,0,0,0,6.76477684
1942,Ambersons,2,4,1,0,0,0,0,1,0,1,1,0,0,0,0,0,0,0,0,0,0,0,0,0,0,0,0,0,0,0,0,0,0,0,0,0,0,0,1,0,0,0,0,0,0,0,0,0,0,0,0,0,0,88,237,0,0,0,0,0,0,0,0,0,0,7.727858293
1942,Pied,2,3,1,0,1,0,0,0,0,1,0,0,0,0,0,0,0,0,0,0,0,0,0,0,0,0,0,0,0,0,0,0,0,0,0,0,0,0,1,0,0,0,0,0,0,0,0,0,0,0,0,0,0,87,239,0,0,0,0,0,0,0,0,0,0,6.729667149
1942,Kings,2,3,1,1,0,0,0,0,0,1,0,0,0,0,0,0,0,0,0,0,0,0,0,0,0,0,0,0,0,0,0,0,0,0,0,0,0,0,1,0,0,0,0,0,0,0,1,1,0,0,0,0,0,127,395,0,0,0,0,0,0,0,0,0,0,7.105150632
1942,Invaders,2,3,1,0,0,0,0,0,2,0,0,0,0,0,0,0,0,0,0,0,0,0,0,0,0,0,0,0,0,0,0,0,0,0,0,0,0,0,1,0,0,0,0,0,0,0,0,0,0,0,1,1,0,123,364,0,0,0,0,0,0,0,0,0,0,7.033004041
1941,Sergeant,2,11,1,1,1,0,1,1,1,1,1,0,1,0,1,1,0,0,0,0,0,0,0,0,0,0,0,0,0,0,0,0,0,0,1,0,0,0,1,0,0,0,0,0,0,0,0,0,0,0,0,1,0,134,239,0,0,0,0,0,0,0,0,0,0,7.723032312
1941,Green,1,10,1,1,0,0,1,1,1,1,1,0,1,0,1,1,0,0,0,0,0,0,0,0,0,0,0,0,0,0,0,0,0,0,0,0,0,0,1,1,0,0,0,0,0,0,0,0,0,0,0,0,0,118,121,0,0,0,0,0,0,0,0,0,0,7.607097259
1941,Kane,2,9,1,1,1,0,0,0,1,1,1,0,1,0,1,1,0,0,0,0,0,0,0,0,0,0,0,0,0,0,0,0,0,0,0,0,0,0,1,0,0,0,0,0,0,0,1,0,0,0,0,0,0,119,301,0,0,0,0,0,0,1,0,0,1,8.571673662
1941,Foxes,2,9,1,1,0,1,0,2,1,0,1,0,1,0,1,0,0,0,0,0,0,0,0,0,0,0,0,0,0,0,0,0,0,0,0,0,0,0,1,0,0,0,0,0,0,0,0,0,0,0,0,0,0,115,189,0,0,0,0,0,0,0,0,0,0,7.418221124
1941,Jordan,2,7,1,1,1,0,1,0,2,1,0,0,0,0,0,0,0,0,0,0,0,0,0,0,0,0,0,0,0,0,0,0,0,0,0,1,0,0,0,0,1,0,0,0,0,0,0,1,0,0,0,0,0,94,218,0,0,0,0,0,0,0,0,0,0,7.232088959
1941,Dawn,2,6,1,0,0,1,0,0,1,1,1,0,1,0,0,0,0,0,0,0,0,0,0,0,0,0,0,0,0,0,0,0,0,0,0,0,0,0,1,0,0,0,0,0,0,0,0,1,0,0,0,0,0,116,168,0,0,0,0,0,0,0,0,0,0,6.870573566
1941,Blossoms,2,4,1,0,0,1,0,0,0,1,1,0,0,0,0,0,0,0,0,0,0,0,0,0,0,0,0,0,0,0,0,0,0,0,1,0,0,0,1,0,0,0,0,0,0,0,0,0,0,0,0,0,0,99,245,0,0,0,0,0,0,0,0,0,0,6.68248731
1941,Suspicion,2,3,1,0,0,1,0,0,0,0,0,0,1,0,0,0,0,0,0,0,0,0,0,0,0,0,0,0,0,0,0,0,0,0,0,0,0,0,0,0,0,1,0,0,0,0,1,0,0,0,1,0,0,99,104,0,0,0,0,0,0,0,0,0,0,7.420386859
1941,Maltese,2,3,1,0,0,0,1,0,1,0,0,0,0,0,0,0,0,0,0,0,0,0,0,0,0,0,0,0,0,0,0,0,0,0,0,0,0,0,0,0,0,1,0,0,0,0,1,0,0,0,0,0,0,101,146,0,0,0,0,0,0,0,0,0,0,8.327486301
1941,Foot,2,1,1,0,0,0,0,0,0,0,0,0,0,0,0,0,0,0,0,0,0,0,0,0,0,0,0,0,0,0,0,0,0,0,1,0,0,0,1,0,0,0,0,0,0,0,0,0,0,0,0,0,0,108,147,0,0,0,0,0,0,0,0,0,0,6.774393531
1940,Rebecca,1,11,1,1,1,1,0,1,1,1,1,0,1,0,1,0,0,0,1,0,0,0,0,0,0,0,0,0,0,0,0,0,0,0,0,0,0,0,1,0,0,0,0,0,0,0,1,1,0,0,1,0,0,130,337,0,0,0,0,0,0,0,0,0,0,8.285379389
1940,Letter,2,7,1,1,0,1,1,0,0,1,0,0,1,0,1,0,0,0,0,0,0,0,0,0,0,0,0,0,0,0,0,0,0,0,0,0,0,0,1,0,0,1,0,0,0,0,0,0,0,0,0,0,0,95,97,0,0,0,0,0,0,0,0,0,0,7.290808939
1940,Grapes,2,7,1,1,1,0,0,1,1,0,0,0,0,0,1,1,0,0,0,0,0,0,0,0,0,0,0,0,0,0,0,0,0,0,0,0,0,0,1,0,0,0,0,0,0,0,0,0,0,0,0,0,0,128,400,0,0,0,0,0,0,1,0,0,1,7.963833608
1940,Voyage,2,6,1,0,0,0,0,0,1,1,0,0,1,0,1,0,0,0,1,0,0,0,0,0,0,0,0,0,0,0,0,0,0,0,0,0,0,0,1,0,0,0,0,0,0,0,0,0,0,0,0,1,0,105,142,0,0,0,0,0,0,0,0,0,0,6.797927461
1940,Town,2,6,1,0,0,1,0,0,0,0,1,0,2,0,0,1,0,0,0,0,0,0,0,0,0,0,0,0,0,0,0,0,0,0,0,0,0,0,1,0,0,0,0,0,0,0,0,0,0,0,0,0,0,90,279,0,0,0,0,0,0,0,0,0,0,6.810628826
1940,Philadelphia,2,6,1,1,1,1,0,1,1,0,0,0,0,0,0,0,0,0,0,0,0,0,0,0,0,0,0,0,0,0,0,0,0,0,0,1,0,0,0,0,0,0,0,0,0,0,0,1,0,0,0,0,0,112,88,0,0,0,0,0,0,0,0,0,0,7.991949656
1940,Foreign,2,6,1,0,0,0,1,0,1,1,1,0,0,0,0,0,0,0,1,0,0,0,0,0,0,0,0,0,0,0,0,0,1,0,0,0,0,0,1,0,0,0,0,0,0,0,0,1,0,0,1,0,0,120,195,0,0,0,0,0,0,0,0,0,0,7.421925134
1940,Kitty,2,5,1,1,0,1,0,0,1,0,0,0,0,0,0,1,0,0,0,0,0,0,0,0,0,0,0,0,0,0,0,0,0,0,0,0,0,0,1,0,0,0,0,0,0,0,0,0,0,0,0,0,0,108,62,0,0,0,0,0,0,0,0,0,0,6.788961039
1940,Dictator,2,5,1,0,1,0,1,0,1,0,0,0,1,0,0,0,0,0,0,0,0,0,0,0,0,0,0,0,0,0,0,0,0,0,0,1,0,0,1,0,0,0,0,0,0,0,0,0,0,0,0,1,0,124,135,0,0,0,0,0,0,0,0,0,0,8.18794311
1940,Heaven,2,3,1,0,0,0,0,1,0,1,0,0,0,0,0,0,0,0,0,0,0,0,0,0,0,0,0,0,0,0,0,0,0,0,0,0,0,0,1,0,0,0,0,0,0,0,0,1,0,0,0,0,0,141,238,0,0,0,0,0,0,0,0,0,0,6.985403266
1939,Gone,1,13,1,1,1,1,0,2,1,1,1,0,1,0,1,1,0,0,1,0,0,0,0,0,0,0,0,0,0,0,0,0,0,0,0,0,0,0,1,0,0,0,0,0,0,0,0,1,0,0,0,1,0,222,76,0,0,0,0,0,0,0,0,0,0,8.059135101
1939,Smith,2,11,1,1,1,0,2,0,2,0,1,0,1,0,1,1,0,0,0,0,0,0,0,0,0,0,0,0,0,0,0,0,0,0,0,1,0,0,1,0,0,0,0,0,0,0,0,0,0,0,0,0,0,129,135,0,0,0,0,0,0,0,0,0,0,8.191835673
1939,Wuthering,2,8,1,1,1,0,0,1,1,1,1,0,1,0,0,0,0,0,0,0,0,0,0,0,0,0,0,0,0,0,0,0,0,0,0,0,0,0,1,0,0,0,0,0,0,0,0,1,0,0,0,0,0,103,322,0,0,0,0,0,0,1,0,0,0,7.511809754
1939,Stagecoach,2,7,1,1,0,0,1,0,0,1,1,0,1,0,1,0,0,0,0,0,0,0,0,0,0,0,0,0,0,0,0,1,0,0,0,0,0,0,1,0,0,0,0,0,0,0,0,1,0,0,0,0,1,96,379,0,0,0,0,0,0,0,0,0,0,7.73292278
1939,Chips,2,7,1,1,1,1,0,0,1,0,0,0,0,0,1,1,0,0,0,0,0,0,0,0,0,0,0,0,0,0,0,0,0,0,0,0,0,0,1,0,0,0,0,0,0,0,0,1,0,0,0,0,0,114,290,0,0,0,0,0,0,0,0,0,0,7.499486521
1939,Love,2,6,1,0,0,1,0,1,1,0,1,0,0,1,0,0,0,0,0,0,0,0,0,0,0,0,0,0,0,0,0,0,0,0,0,1,0,0,1,0,0,0,0,0,0,0,0,1,0,0,0,0,0,87,350,0,0,0,0,0,0,0,0,0,0,6.871882887
1939,Oz,2,5,1,0,0,0,0,0,0,0,1,0,1,1,0,0,0,0,1,0,0,0,0,0,0,0,0,0,0,0,0,0,1,0,0,0,0,0,0,1,1,0,0,0,0,1,0,0,0,0,0,0,0,101,201,0,0,0,0,0,0,0,0,0,0,8.166189271
1939,Ninotchka,2,4,1,0,0,1,0,0,2,0,0,0,0,0,0,0,0,0,0,0,0,0,0,0,0,0,0,0,0,0,0,0,0,0,0,1,0,0,0,0,0,0,0,0,0,0,0,1,0,0,0,0,0,110,146,0,0,0,0,0,0,0,0,0,0,7.594596711
1939,Mice,2,4,1,0,0,0,0,0,0,0,0,0,2,0,0,1,0,0,0,0,0,0,0,0,0,0,0,0,0,0,0,0,0,0,0,0,0,0,1,0,0,0,0,0,0,0,0,0,0,0,0,0,0,106,61,0,0,0,0,0,0,0,0,0,0,7.293703848
1939,Dark,2,3,1,0,0,1,0,0,0,0,0,0,1,0,0,0,0,0,0,0,0,0,0,0,0,0,0,0,0,0,0,0,0,0,0,0,0,0,1,0,0,0,0,0,0,0,0,1,0,0,0,0,0,104,315,0,0,0,0,0,0,0,0,0,0,7.175
1938,Take,1,7,1,1,0,0,0,1,1,1,0,0,0,0,1,1,0,0,0,0,0,0,0,0,0,0,0,0,0,0,0,0,0,0,0,1,0,0,0,0,0,0,0,0,0,0,0,1,0,0,0,0,0,126,184,0,0,0,0,0,0,0,0,0,0,7.641250622
1938,Ragtime,2,6,1,0,0,0,0,0,1,0,1,0,1,1,1,0,0,0,0,0,0,0,0,0,0,0,0,0,0,0,0,0,0,0,0,0,0,0,1,0,0,0,0,0,0,1,0,0,0,0,0,0,0,106,275,0,0,0,0,0,0,0,0,0,0,6.82
1938,Jezebel,2,5,1,0,0,1,0,1,0,1,0,0,1,0,0,0,0,0,0,0,0,0,0,0,0,0,0,0,0,0,0,0,0,0,0,0,0,0,1,0,0,0,0,0,0,0,0,1,0,0,0,0,0,103,350,0,0,0,0,0,0,0,0,0,0,7.124992445
1938,Daughters,2,5,1,1,0,0,1,0,1,0,0,0,0,0,0,1,0,0,0,0,0,0,0,0,0,0,0,0,0,0,0,0,0,0,0,0,0,0,1,0,0,0,0,0,0,0,0,1,0,0,0,0,0,90,198,0,0,0,0,0,0,0,0,0,0,6.816129032
1938,Boys,2,5,1,1,1,0,0,0,2,0,0,0,0,0,0,0,0,0,0,0,0,0,0,0,0,0,0,0,0,0,0,0,0,0,1,0,0,0,1,0,0,0,0,0,0,0,0,0,0,0,0,0,0,96,168,0,0,0,0,0,0,0,0,0,0,6.97594516
1938,Robin,2,4,1,0,0,0,0,0,0,0,1,0,1,0,1,0,0,0,0,0,0,0,0,0,0,0,0,0,0,0,0,1,1,0,0,0,0,0,0,0,0,0,0,0,0,0,0,1,0,0,0,0,0,102,304,0,0,0,0,0,0,0,0,0,0,8.050391284
1938,Pygmalion,2,4,1,0,1,1,0,0,1,0,0,0,0,0,0,0,0,0,0,0,0,0,0,0,0,0,0,0,0,0,0,0,0,0,0,1,0,0,1,0,0,0,0,0,0,0,0,0,0,0,0,0,0,96,77,0,0,0,0,0,0,0,0,0,0,7.307969639
1938,Citadel,2,4,1,1,1,0,0,0,1,0,0,0,0,0,0,0,0,0,0,0,0,0,0,0,0,0,0,0,0,0,0,0,0,0,0,0,0,0,1,0,0,0,0,0,0,0,0,0,0,0,0,0,0,110,112,0,0,0,0,0,0,1,0,0,1,6.859298871
1938,Pilot,2,3,1,0,0,0,0,0,1,0,0,0,0,0,1,0,0,0,0,0,0,0,0,0,0,0,0,0,0,0,0,0,0,0,0,0,0,0,1,0,0,0,0,0,0,0,0,1,0,0,0,0,0,118,313,0,0,0,0,0,0,0,0,0,0,6.7
1938,Illusion,2,1,1,0,0,0,0,0,0,0,0,0,0,0,0,0,0,0,0,0,0,0,0,0,0,0,0,0,0,0,0,0,0,0,0,0,0,0,1,0,0,0,0,0,0,0,0,0,0,0,0,1,0,114,164,0,0,0,0,0,0,0,0,0,0,7.810792656
1937,Zola,1,10,1,1,1,0,1,0,2,0,1,0,1,0,0,1,0,0,0,0,0,1,0,0,0,0,0,0,0,0,0,0,0,0,1,0,0,0,1,0,0,0,0,0,0,0,0,0,0,0,0,0,0,116,211,0,0,0,0,0,0,1,0,0,0,6.92821735
1937,Star,2,8,1,1,1,1,0,0,2,1,0,0,0,0,0,0,0,0,0,0,0,1,0,0,0,0,0,0,0,0,0,0,0,0,0,0,0,0,1,0,0,0,0,0,0,0,0,0,0,0,0,0,0,111,324,0,0,0,0,0,0,0,0,0,0,7.085822382
1937,Horizon,2,7,1,0,0,0,1,0,0,0,1,0,1,0,1,1,0,0,0,0,0,1,0,0,0,0,0,0,0,0,0,0,1,0,0,0,0,0,1,0,1,0,0,0,0,0,1,0,1,0,0,0,0,132,373,0,0,0,0,0,0,0,0,0,0,7.405882353
1937,Chicago,2,6,1,0,0,0,0,1,1,0,0,0,1,0,0,1,0,0,0,0,0,1,0,0,0,0,0,0,0,0,0,1,0,0,0,0,0,0,1,0,0,0,0,0,0,1,0,0,0,0,0,0,1,111,252,0,0,0,0,0,0,0,0,0,0,6.761321909
1937,Awful,2,6,1,1,0,1,1,0,1,0,0,0,0,0,1,0,0,0,0,0,0,0,0,0,0,0,0,0,0,0,0,0,0,0,0,1,0,0,0,0,0,0,0,0,0,0,0,1,0,0,0,0,0,91,140,0,0,0,0,0,0,0,0,0,0,7.537630662
1937,Earth,2,5,1,1,0,1,0,0,0,1,0,0,0,0,1,0,0,0,0,0,0,0,0,0,0,0,0,0,0,0,0,0,0,0,0,0,0,0,1,0,0,0,0,0,0,0,0,0,0,0,0,0,0,138,405,0,0,0,0,0,0,0,0,0,0,7.175766017
1937,Onehundred,2,5,1,0,0,0,0,0,1,0,0,0,1,0,1,1,0,0,0,0,0,0,0,0,0,0,0,0,0,0,0,0,0,0,0,1,0,0,0,0,0,0,0,0,1,0,0,0,0,0,0,0,0,85,186,0,0,0,0,0,0,0,0,0,0,6.74137931
1937,Stage,2,4,1,1,0,0,0,1,1,0,0,0,0,0,0,0,0,0,0,0,0,0,0,0,0,0,0,0,0,0,0,0,0,0,0,0,0,0,1,0,0,0,0,0,0,0,0,0,0,0,0,0,0,92,153,0,0,0,0,0,0,0,0,0,0,7.270815451
1937,Dead,2,4,1,0,0,0,0,1,0,1,1,0,0,0,0,0,0,0,0,0,0,0,0,0,0,0,0,0,0,0,0,0,0,0,0,0,1,0,1,0,0,0,0,0,0,0,0,0,0,0,0,0,0,93,198,0,0,0,0,0,0,0,0,0,0,7.081320451
1937,Captains,2,4,1,0,1,0,0,0,1,0,0,0,0,0,1,0,0,0,0,0,0,0,0,0,0,0,0,0,0,0,0,0,1,0,0,0,0,0,1,1,0,0,0,0,0,0,0,0,0,0,0,0,0,115,303,0,0,0,0,0,0,0,0,0,0,7.349889833
1936,Ziegfeld,1,7,1,1,0,1,0,0,1,0,1,0,0,0,1,0,0,0,0,0,1,0,0,0,0,0,0,0,0,0,0,0,0,0,1,1,0,0,1,0,0,0,0,0,0,1,0,1,0,0,0,0,0,176,347,0,0,0,0,0,0,0,0,0,0,6.826203209
1936,Dodsworth,2,7,1,1,1,0,0,1,1,0,1,0,0,0,0,1,0,0,0,0,0,0,0,0,0,0,0,0,0,0,0,0,0,0,0,0,0,0,1,0,0,0,0,0,0,0,0,1,0,0,0,0,0,101,162,0,0,0,0,0,0,0,0,0,0,7.445647969
1936,Anthony,2,7,1,0,0,0,0,1,0,1,1,0,1,0,1,0,0,0,0,0,0,1,0,0,0,0,0,0,0,0,0,0,1,0,0,0,0,0,1,0,0,0,0,0,0,0,0,1,0,0,0,0,0,141,218,0,0,0,0,0,0,0,0,0,0,6.682278481
1936,Francisco,2,6,1,1,1,0,0,0,1,0,0,0,0,0,0,1,0,0,0,0,0,1,0,0,0,0,0,0,0,0,0,0,0,0,0,0,0,0,1,0,0,0,0,0,0,1,0,1,0,0,0,0,0,115,251,0,0,0,0,0,0,0,0,0,0,7.019406106
1936,Deeds,2,5,1,1,1,0,0,0,1,0,0,0,0,0,0,1,0,0,0,0,0,0,0,0,0,0,0,0,0,0,0,0,0,0,0,1,0,0,0,0,0,0,0,0,0,0,0,1,0,0,0,0,0,115,326,0,0,0,0,0,0,1,0,0,1,7.586432161
1936,Romeo,2,4,1,0,0,1,1,0,0,0,1,0,0,0,0,0,0,0,0,0,0,0,0,0,0,0,0,0,0,0,0,0,0,0,0,0,0,0,1,0,0,0,0,0,0,0,0,1,0,0,0,0,0,125,135,0,0,0,0,0,0,0,0,0,0,6.733546735
1936,Pasteur,2,4,1,0,1,0,0,0,2,0,0,0,0,0,0,0,0,0,0,0,0,0,0,0,0,0,0,0,0,0,0,0,0,0,1,0,0,0,1,0,0,0,0,0,0,0,0,0,0,0,0,0,0,87,467,0,0,0,0,0,0,0,0,0,0,6.863759576
1936,Smart,2,3,1,0,0,0,0,0,1,0,0,0,0,0,0,1,0,0,0,0,0,0,0,0,0,0,0,0,0,0,0,0,0,0,0,1,0,0,0,0,0,0,0,0,0,1,0,0,0,0,0,0,0,84,74,0,0,0,0,0,0,0,0,0,0,6.73965287
1936,Cities,2,2,1,0,0,0,0,0,0,0,0,0,0,0,1,0,0,0,0,0,0,0,0,0,0,0,0,0,0,0,0,0,0,0,0,0,0,0,1,0,0,0,0,0,0,0,0,0,0,0,0,0,0,128,435,0,0,0,0,0,0,0,0,0,0,7.267139959
1936,Libeled,2,1,1,0,0,0,0,0,0,0,0,0,0,0,0,0,0,0,0,0,0,0,0,0,0,0,0,0,0,0,0,0,0,0,0,1,0,0,0,0,0,0,0,0,0,0,0,1,0,0,0,0,0,98,146,0,0,0,0,0,0,0,0,0,0,7.321285141
1935,Mutiny,1,8,1,1,3,0,0,0,1,0,0,0,1,0,1,0,0,0,0,0,0,0,0,0,0,0,0,0,0,0,0,0,1,0,0,0,0,0,1,0,0,0,1,0,0,0,0,0,0,0,0,0,0,132,118,0,0,0,0,0,0,0,0,0,0,7.602233251
1935,Bengal,2,7,1,1,0,0,0,0,1,0,1,0,0,0,1,1,0,0,0,0,0,1,0,0,0,0,0,0,0,0,0,0,1,0,0,0,0,0,1,0,0,0,0,0,0,0,0,0,0,0,0,0,0,109,419,0,0,0,0,0,0,0,0,0,0,6.901642935
1935,Informer,2,6,1,1,1,0,0,0,1,0,0,0,1,0,1,0,0,0,0,0,0,0,0,0,0,0,0,0,0,0,0,0,0,0,0,0,0,0,1,0,0,0,0,0,0,0,0,0,0,0,0,0,0,91,309,0,0,0,0,0,0,1,0,0,1,7.058573854
1935,Top,2,4,1,0,0,0,0,0,0,0,1,0,0,1,0,0,0,0,0,0,1,0,0,0,0,0,0,0,0,0,0,0,0,0,0,1,0,0,0,0,0,0,0,0,0,1,0,1,0,0,0,0,0,101,188,0,0,0,0,0,0,0,0,0,0,7.355332497
1935,Miserables,2,4,1,0,0,0,0,0,0,1,0,0,0,0,1,0,0,0,0,0,0,1,0,0,0,0,0,0,0,0,0,0,0,0,0,0,0,0,1,0,0,0,0,0,0,0,0,0,0,0,0,0,0,108,337,0,0,0,0,0,0,0,0,0,0,6.988422247
1935,Copperfield,2,3,1,0,0,0,0,0,0,0,0,0,0,0,1,0,0,0,0,0,0,1,0,0,0,0,0,0,0,0,0,0,1,0,0,0,0,0,1,0,0,0,0,0,0,0,0,0,0,0,0,0,0,130,422,0,0,0,0,0,0,0,0,0,0,7.018199901
1935,Broadway,2,3,1,0,0,0,0,0,1,0,0,0,0,0,0,0,0,0,0,0,1,0,0,0,0,0,0,0,0,0,0,0,0,0,0,0,0,0,0,0,0,0,0,0,0,1,0,0,0,0,0,0,0,101,193,0,0,0,0,0,0,0,0,0,0,6.728042328
1935,Naughty,2,2,1,0,0,0,0,0,0,0,0,0,0,0,0,1,0,0,0,0,0,0,0,0,0,0,0,0,0,0,0,0,0,0,0,0,0,0,1,0,0,0,0,0,0,1,0,0,0,0,0,0,0,105,363,0,0,0,0,0,0,0,0,0,0,6.766024406
1935,Midsummer,2,2,1,0,0,0,0,0,0,0,0,0,0,0,1,0,0,0,0,0,0,0,0,0,0,0,0,0,0,0,0,0,0,0,0,1,0,0,0,0,1,0,0,0,0,0,0,1,0,0,0,0,0,133,148,0,0,0,0,0,0,0,0,0,0,6.789644013
1935,Captain,2,2,1,0,0,0,0,0,0,0,0,0,0,0,0,1,0,0,0,0,0,0,0,0,0,0,0,0,0,0,0,1,1,0,0,0,0,0,0,0,0,0,0,0,0,0,0,1,0,0,0,0,0,119,77,0,0,0,0,0,0,0,0,0,0,7.382617188
1935,Alice,2,2,1,0,0,1,0,0,0,0,0,0,0,0,0,0,0,0,0,0,0,0,0,0,0,0,0,0,0,0,0,0,0,0,0,0,0,0,1,0,0,0,0,0,0,0,0,1,0,0,0,0,0,99,203,0,0,0,0,0,0,0,0,0,0,6.803724207
1935,Ruggles,2,1,1,0,0,0,0,0,0,0,0,0,0,0,0,0,0,0,0,0,0,0,0,0,0,0,0,0,0,0,0,0,0,0,0,1,0,0,0,0,0,0,0,0,0,0,0,0,0,0,0,0,0,90,380,0,0,0,0,0,0,0,0,0,0,7.097797357
1934,Night,2,6,1,1,0,1,0,0,0,0,0,0,1,0,1,1,0,0,0,0,0,0,0,0,0,0,0,0,0,0,0,0,0,0,0,0,0,0,0,0,0,0,0,0,1,0,0,1,0,0,0,0,0,83,175,0,0,0,0,0,0,0,0,0,0,6.686343612
1934,Happened,1,5,1,1,1,1,0,0,1,0,0,0,0,0,0,0,0,0,0,0,0,0,0,0,0,0,0,0,0,0,0,0,0,0,0,1,0,0,0,0,0,0,0,0,0,0,0,1,0,0,0,0,0,105,370,0,0,0,0,0,0,0,0,0,1,8.0573623
1934,Gay,2,5,1,0,0,0,0,0,0,0,1,0,1,1,0,1,0,0,0,0,0,0,0,0,0,0,0,0,0,0,0,0,0,0,0,1,0,0,0,0,0,0,0,0,0,1,0,1,0,0,0,0,0,107,138,0,0,0,0,0,0,0,0,0,0,7.117923362
1934,Cleopatra,2,5,1,0,0,0,0,0,0,1,0,0,0,0,1,1,0,0,0,0,0,1,0,0,0,0,0,0,0,0,0,0,0,0,0,0,0,0,1,0,0,0,1,0,0,0,0,0,0,0,0,0,0,100,145,0,0,0,0,0,0,0,0,0,0,6.785596482
1934,Viva,2,4,1,0,0,0,0,0,1,0,0,0,0,0,0,1,0,0,0,0,0,1,0,0,0,0,0,0,0,0,0,0,0,0,1,0,0,0,0,0,0,0,0,0,0,0,0,0,0,0,0,0,1,115,323,0,0,0,0,0,0,0,0,0,0,6.68643617
1934,Thin,2,4,1,1,1,0,0,0,1,0,0,0,0,0,0,0,0,0,0,0,0,0,0,0,0,0,0,0,0,0,0,0,0,0,0,1,1,0,0,0,0,0,0,0,0,0,1,0,0,0,0,0,0,93,280,0,0,0,0,0,0,0,0,0,0,7.720586544
1934,Imitation,2,3,1,0,0,0,0,0,0,0,0,0,0,0,0,1,0,0,0,0,0,1,0,0,0,0,0,0,0,0,0,0,0,0,0,0,0,0,1,0,0,0,0,0,0,0,0,0,0,0,0,0,0,111,93,0,0,0,0,0,0,0,0,0,0,6.966666667
1934,White,2,2,1,0,0,0,0,0,0,0,0,0,0,0,0,1,0,0,0,0,0,0,0,0,0,0,0,0,0,0,0,0,0,0,0,0,0,0,1,0,0,0,0,0,0,0,0,0,0,0,0,0,0,80,103,0,0,0,0,0,0,0,0,0,0,6.691476408
1934,Flirtation,2,2,1,0,0,0,0,0,0,0,0,0,0,0,0,1,0,0,0,0,0,0,0,0,0,0,0,0,0,0,0,0,0,0,0,0,0,0,0,0,0,0,0,0,0,1,0,0,0,0,0,0,0,97,91,0,0,0,0,0,0,0,0,0,0,6.658942795
1934,Barretts,2,2,1,0,0,1,0,0,0,0,0,0,0,0,0,0,0,0,0,0,0,0,0,0,0,0,0,0,0,0,0,0,0,0,1,0,0,0,1,0,0,0,0,0,0,0,0,1,0,0,0,0,0,110,172,0,0,0,0,0,0,0,0,0,0,6.804761905
1934,Rothschild,2,1,1,0,0,0,0,0,0,0,0,0,0,0,0,0,0,0,0,0,0,0,0,0,0,0,0,0,0,0,0,0,0,0,1,0,0,0,1,0,0,0,1,0,0,0,0,0,0,0,0,0,0,88,350,0,0,0,0,0,0,0,0,0,0,6.707604833
1934,Navy,2,1,1,0,0,0,0,0,0,0,0,0,0,0,0,0,0,0,0,0,0,0,0,0,0,0,0,0,0,0,0,0,0,0,0,1,0,0,1,0,0,0,0,0,0,0,0,1,0,0,0,0,0,87,244,0,0,0,0,0,0,0,0,0,0,6.683356841
1933,Lady,2,4,1,1,0,1,0,0,1,0,0,0,0,0,0,0,0,0,0,0,0,0,0,0,0,0,0,0,0,0,0,0,0,0,0,1,0,0,0,0,0,0,0,0,0,0,0,0,0,0,0,0,0,96,190,0,0,0,0,0,0,0,0,0,0,6.951476793
1933,Farewell,2,4,1,0,0,0,0,0,0,1,1,0,0,0,0,1,0,0,0,0,0,0,0,0,0,0,0,0,0,0,0,0,0,0,0,0,0,0,1,0,0,0,0,0,0,0,0,1,0,0,0,1,0,80,463,0,0,0,0,0,0,0,0,0,0,6.588953488
1933,Cavalcade,1,4,1,1,0,1,0,0,0,0,1,0,0,0,0,0,0,0,0,0,0,0,0,0,0,0,0,0,0,0,0,0,0,0,0,0,0,0,1,0,0,0,0,0,0,0,0,1,0,0,0,1,0,110,435,0,0,0,0,0,0,0,0,0,0,6.673905628
1933,Little,2,3,1,1,0,0,0,0,1,0,0,0,0,0,0,0,0,0,0,0,0,0,0,0,0,0,0,0,0,0,0,0,0,0,0,0,0,0,1,1,0,0,0,0,0,0,0,1,0,0,0,0,0,117,120,0,0,0,0,0,0,0,0,0,0,7.069571532
1933,Fugitive,2,3,1,0,1,0,0,0,0,0,0,0,0,0,0,1,0,0,0,0,0,0,0,0,0,0,0,0,0,0,0,0,0,0,0,0,1,0,1,0,0,1,0,0,0,0,0,0,0,0,0,0,0,93,482,0,0,0,0,0,0,0,0,0,0,7.694997091
1933,State,2,2,1,0,0,0,0,0,1,0,0,0,0,0,0,0,0,0,0,0,0,0,0,0,0,0,0,0,0,0,0,0,0,0,0,1,0,0,1,0,0,0,0,0,0,0,0,1,0,0,0,0,0,97,414,0,0,0,0,0,0,0,0,0,0,6.722419929
1933,Private,2,2,1,0,1,0,0,0,0,0,0,0,0,0,0,0,0,0,0,0,0,0,0,0,0,0,0,0,0,0,0,0,0,0,1,0,0,0,1,0,0,0,0,0,0,0,0,0,0,0,0,0,0,97,176,0,0,0,0,0,0,0,0,0,0,6.941216216
1933,Fortysecond,2,2,1,0,0,0,0,0,0,0,0,0,0,0,0,1,0,0,0,0,0,0,0,0,0,0,0,0,0,0,0,0,0,0,0,0,0,0,1,0,0,0,0,0,0,1,0,1,0,0,0,0,0,89,407,0,0,0,0,0,0,0,0,0,0,7.192762186
1933,Wrong,2,1,1,0,0,0,0,0,0,0,0,0,0,0,0,0,0,0,0,0,0,0,0,0,0,0,0,0,0,0,0,0,0,0,0,1,0,0,0,0,0,0,0,0,0,0,0,1,0,0,0,0,0,66,413,0,0,0,0,0,0,0,0,0,0,6.7
1933,Smilin,2,1,1,0,0,0,0,0,0,0,0,0,0,0,0,0,0,0,0,0,0,0,0,0,0,0,0,0,0,0,0,0,0,0,0,0,0,0,1,0,0,0,0,0,0,0,0,1,0,0,0,0,0,98,538,0,0,0,0,0,0,0,0,0,0,6.749237171
1932,Champ,2,4,1,1,1,0,0,0,1,0,0,0,0,0,0,0,0,0,0,0,0,0,0,0,0,0,0,0,0,0,0,0,0,0,0,0,0,0,1,1,0,0,0,0,0,0,0,0,0,1,0,0,0,87,375,0,0,0,0,0,0,0,0,0,0,6.824927871
1932,Arrowsmith,2,4,1,0,0,0,0,0,1,1,1,0,0,0,0,0,0,0,0,0,0,0,0,0,0,0,0,0,0,0,0,0,0,0,0,0,0,0,1,0,0,0,0,0,0,0,0,0,0,0,0,0,0,108,347,0,0,0,0,0,0,0,0,0,0,6.593046776
1932,Shanghai,2,3,1,1,0,0,0,0,0,1,0,0,0,0,0,0,0,0,0,0,0,0,0,0,0,0,0,0,0,0,0,0,1,0,0,0,0,0,1,0,0,0,0,0,0,0,0,1,0,0,0,0,0,80,290,0,0,0,0,0,0,0,0,0,0,7.111175337
1932,Bad,2,3,1,1,0,0,0,0,1,0,0,0,0,0,0,0,0,0,0,0,0,0,0,0,0,0,0,0,0,0,0,0,0,0,0,0,0,0,1,0,0,0,0,0,0,0,0,0,0,0,0,0,0,90,463,0,0,0,0,0,0,0,0,0,0,6.666542751
1932,Smiling,2,1,1,0,0,0,0,0,0,0,0,0,0,0,0,0,0,0,0,0,0,0,0,0,0,0,0,0,0,0,0,0,0,0,0,1,0,0,0,0,0,0,0,0,0,1,0,1,0,0,0,0,0,93,497,0,0,0,0,0,0,0,0,0,0,6.93647343
1932,Hour,2,1,1,0,0,0,0,0,0,0,0,0,0,0,0,0,0,0,0,0,0,0,0,0,0,0,0,0,0,0,0,0,0,0,0,1,0,0,0,0,0,0,0,0,0,1,0,0,0,0,0,0,0,80,241,0,0,0,0,0,0,0,0,0,0,6.842718447
1932,Grand,1,1,1,0,0,0,0,0,0,0,0,0,0,0,0,0,0,0,0,0,0,0,0,0,0,0,0,0,0,0,0,0,0,0,0,0,0,0,1,0,0,0,0,0,0,0,0,1,0,0,0,0,0,112,220,0,0,0,0,0,0,0,0,0,0,7.258980301
1932,Five,2,1,1,0,0,0,0,0,0,0,0,0,0,0,0,0,0,0,0,0,0,0,0,0,0,0,0,0,0,0,0,0,0,0,0,0,1,0,1,0,0,0,0,0,0,0,0,0,0,0,0,0,0,89,419,0,0,0,0,0,0,0,0,0,0,6.78279846
1931,Cimarron,1,7,1,1,1,1,0,0,1,1,1,0,0,0,0,0,0,0,0,0,0,0,0,0,0,0,0,0,0,0,0,0,0,0,0,0,0,0,1,0,0,0,0,0,0,0,0,0,0,0,0,0,1,131,288,0,0,0,0,0,0,0,0,0,0,6.517335474
1931,Skippy,2,4,1,1,1,0,0,0,1,0,0,0,0,0,0,0,0,0,0,0,0,0,0,0,0,0,0,0,0,0,0,0,0,0,0,1,0,0,1,1,0,0,0,0,0,0,0,0,0,0,0,0,0,85,222,0,0,0,0,0,0,0,0,0,0,6.652244297
1931,Front,2,3,1,1,1,0,0,0,0,0,0,0,0,0,0,0,0,0,0,0,0,0,0,0,0,0,0,0,0,0,0,0,0,0,0,1,0,0,0,0,0,0,0,0,0,0,0,0,0,0,0,0,0,101,236,0,0,0,0,0,0,0,0,0,0,6.748573093
1931,Trader,2,1,1,0,0,0,0,0,0,0,0,0,0,0,0,0,0,0,0,0,0,0,0,0,0,0,0,0,0,0,0,0,1,0,0,0,0,0,0,0,0,0,0,0,0,0,0,0,0,0,0,0,0,122,280,0,0,0,0,0,0,0,0,0,0,6.678448868
1931,Lynne,2,1,1,0,0,0,0,0,0,0,0,0,0,0,0,0,0,0,0,0,0,0,0,0,0,0,0,0,0,0,0,0,0,0,0,0,0,0,1,0,0,0,0,0,0,0,0,0,0,0,0,0,0,102,254,0,0,0,0,0,0,0,0,0,0,6.692749245
1930,Love,2,6,1,1,1,0,0,0,0,1,1,0,0,0,0,1,0,0,0,0,0,0,0,0,0,0,0,0,0,0,0,0,0,0,0,1,0,0,0,0,0,0,0,0,0,1,0,1,0,0,0,0,0,107,351,0,0,0,0,0,0,0,0,0,0,6.742365887
1930,Western,1,4,1,1,0,0,0,0,1,1,0,0,0,0,0,0,0,0,0,0,0,0,0,0,0,0,0,0,0,0,0,1,0,0,0,0,0,0,1,0,0,0,1,0,0,0,0,0,0,0,0,1,0,138,198,0,0,0,0,0,0,0,0,0,0,7.862467448
1930,House,2,4,1,0,1,0,0,0,1,0,0,0,0,0,0,1,0,0,0,0,0,0,0,0,0,0,0,0,0,0,0,0,0,0,0,0,0,0,1,0,0,0,0,0,0,0,0,0,0,0,1,0,0,87,144,0,0,0,0,0,0,0,0,0,0,6.819704433
1930,Divorcee,2,4,1,1,0,1,0,0,1,0,0,0,0,0,0,0,0,0,0,0,0,0,0,0,0,0,0,0,0,0,0,0,0,0,0,0,0,0,1,0,0,0,0,0,0,0,0,1,0,0,0,0,0,84,200,0,0,0,0,0,0,0,0,0,0,6.719802591
1930,Disraeli,2,3,1,0,1,0,0,0,1,0,0,0,0,0,0,0,0,0,0,0,0,0,0,0,0,0,0,0,0,0,0,0,0,0,1,0,0,0,1,0,0,0,0,0,0,0,0,0,0,0,0,0,0,90,399,0,0,0,0,0,0,0,0,0,0,6.7
1929,Patriot,2,5,1,1,1,0,0,0,1,0,1,0,0,0,0,0,0,0,0,0,0,0,0,0,0,0,0,0,0,0,0,0,0,0,0,0,0,0,1,0,0,0,0,0,0,0,0,0,0,0,0,0,0,113,594,0,0,0,0,0,0,0,0,0,0,6.684848485
1929,Arizona,2,5,1,1,1,0,0,0,1,1,0,0,0,0,0,0,0,0,0,0,0,0,0,0,0,0,0,0,0,0,0,0,0,0,0,0,0,0,0,0,0,0,0,0,0,0,0,0,0,0,0,0,1,95,464,0,0,0,0,0,0,0,0,0,0,6.66892779
1929,Broadway,1,3,1,1,0,1,0,0,0,0,0,0,0,0,0,0,0,0,0,0,0,0,0,0,0,0,0,0,0,0,0,0,0,0,0,0,0,0,0,0,0,0,0,0,0,1,0,1,0,0,0,0,0,110,426,0,0,0,0,0,0,0,0,0,0,6.51614786
1929,Alibi,2,3,1,0,1,0,0,0,0,0,1,0,0,0,0,0,0,0,0,0,0,0,0,0,0,0,0,0,0,0,0,0,0,0,0,0,1,0,0,0,0,0,0,0,0,0,0,0,0,0,0,0,0,90,348,0,0,0,0,0,0,0,0,0,0,6.655147588
1929,Hollywood,2,1,1,0,0,0,0,0,0,0,0,0,0,0,0,0,0,0,0,0,0,0,0,0,0,0,0,0,0,0,0,0,0,0,0,0,0,0,0,0,0,0,0,0,0,1,0,0,0,0,0,0,0,116,232,0,0,0,0,0,0,0,0,0,0,6.802932193
1928,Heaven,2,5,1,1,0,1,0,0,1,0,1,0,0,0,0,0,0,0,0,0,0,0,0,0,0,0,0,0,0,0,0,0,0,0,0,0,0,0,1,0,0,0,0,0,0,0,0,1,0,0,0,0,0,110,741,0,0,0,0,0,0,0,0,0,0,6.875032852
1928,Sunrise,1,4,1,0,0,1,0,0,0,1,1,0,0,0,0,0,0,0,0,0,0,0,0,0,0,0,0,0,0,0,0,0,0,0,0,0,1,0,1,0,0,0,0,0,0,0,0,1,0,0,0,0,0,95,601,0,0,0,0,0,0,0,0,0,0,7.788622754
1928,Crowd,2,2,1,1,0,0,0,0,0,0,0,0,0,0,0,0,0,0,0,0,0,0,0,0,0,0,0,0,0,0,0,0,0,0,0,0,0,0,1,0,0,0,0,0,0,0,0,0,0,0,0,0,0,104,453,0,0,0,0,0,0,0,0,0,0,7.371513574
1928,Wings,2,2,1,0,0,0,0,0,0,0,0,0,0,0,0,0,0,0,1,0,0,0,0,0,0,0,0,0,0,0,0,1,0,0,0,0,0,0,1,0,0,0,0,0,0,0,0,1,0,0,0,1,0,139,643,0,0,0,0,0,0,0,0,0,0,7.14965358
1928,Chang,2,1,1,0,0,0,0,0,0,0,0,0,0,0,0,0,0,0,0,0,0,0,0,0,0,0,0,0,0,0,0,0,1,0,0,0,0,1,0,0,0,0,0,0,0,0,0,0,0,0,0,0,0,69,748,0,0,0,0,0,0,0,0,0,0,6.792546584
1928,Racket,2,1,1,0,0,0,0,0,0,0,0,0,0,0,0,0,0,0,0,0,0,0,0,0,0,0,0,0,0,0,0,0,0,0,0,0,1,0,0,0,0,1,0,0,0,0,0,0,0,0,0,0,0,84,320,0,0,0,0,0,0,0,0,0,0,6.728836545